id,Owner,Owner Username,Status,Email,Prefix,First Name,Last Name,Address Line 1 (Main Address),Address Line 2 (Main Address),City (Main Address),State (Main Address),Post Code (Main Address),Country (Main Address),Address Line 1 (Second Address),Address Line 2 (Second Address),City (Second Address),State (Second Address),Post Code (Second Address),Country (Second Address),Home Telephone,Work Telephone,Mobile Telephone,WordPress ID,Avatar,Twitter Handle,LinkedIn,Facebook Page,Created Date,Last Updated Date,Last Contacted Date,From,To,Departure,Passengers,Company ID,Company Name,Company Email,Tags
1,,,New Lead,wikipedia.sosu@gmail.com,,selorm,Sosu,,,,,,,,,,,,,,,,,//www.gravatar.com/avatar/14dd43420c5b12dcecfbfafd4d562e699790716bdb1323dcba7b412d3d55bfdd?s=80&d=mm,,,,11/16/2025,3/10/2026,,,,,,,,,Lead-Website-Form
2,,,Lead,wtsuianaa94@gmail.com,,Wendy,Mbagwu,,,,,,,,,,,,,,,,,,,,,1/16/2026,1/16/2026,,,,,,,,,
3,,,New Lead,nelsonoswld@pss.com,,Nelson,Oswald,,,,,,,,,,,,,,,,,//www.gravatar.com/avatar/2a9860ff37d01862cf70ca7d979b20986faa00f0781e35f5d14df566b37c993c?s=80&d=mm,,,,1/17/2026,3/10/2026,,,,,,,,,
4,,,New Lead,otood@pss.com,,Dennis,Otoo,,,,,,,,,,,,,,,,,//www.gravatar.com/avatar/cd5fd2f101623e64038f94c1811575585f11577fce72213568b3880962f70432?s=80&d=mm,,,,1/17/2026,3/10/2026,,,,,,,,,Lead-Trip-Enquiry
5,,,New Lead,joshuamamah.jm@gmail.com,,O,Z,,,,,,,,,,,,,,,,,//www.gravatar.com/avatar/a41e02190a7fea6a6f2c22f5ef35339e68d9adff29e67373cc1b3adb7743dabc?s=80&d=mm,,,,2/14/2026,3/10/2026,,,,,,,,,
6,,,New Lead,natbarnor@yahoo.com,,Nat,Barnor,,,,,,,,,,,,,,,,,//www.gravatar.com/avatar/21b5a9ba9c0774b6e31e8ada89e246694ab7b0e09ac2e5ec1fbd19f44024e30a?s=80&d=mm,,,,2/24/2026,3/10/2026,,,,,,,,,
7,,,New Lead,,Mr,Test,Contact form,,,,,,,,,,,,,,,,,,,,,3/10/2026,3/10/2026,,,,,,,,,Lead-Contact-Form
506,,,New Lead,Explore@Socaislands.Com,,Soca,Island,,,,,,,,,,,,,18683882973,,,,,,,,3/19/2026,3/19/2026,,,,,,,,,WTM London 2025
507,,,New Lead,Hafsah@Flyliatair.Com,,Fly,Liat Air,,,,,,,,,,,,,17702307,,,,,,,,3/19/2026,3/19/2026,,,,,,,,,WTM London 2025
508,,,New Lead,Holidays@Barathvedatours.Com,,Bharat,Veda Tours,,,,,,,,,,,,,3.93667E+11,,,,,,,,3/19/2026,3/19/2026,,,,,,,,,WTM London 2025
509,,,New Lead,Sika@Landtours.Com,,Land,Tours,,,,,,,,,,,,,2.33244E+11,,,,,,,,3/19/2026,3/19/2026,,,,,,,,,WTM London 2025
510,,,New Lead,Bryn@Chrtravel.Com,,Chr,Travel,,,,,,,,,,,,,,,,,,,,,3/19/2026,3/19/2026,,,,,,,,,WTM London 2025
511,,,New Lead,Zara@Zaratours.Com,,Zara,Tours,,,,,,,,,,,,,1886650447,,,,,,,,3/19/2026,3/19/2026,,,,,,,,,WTM London 2025
512,,,New Lead,Rod@Sungroupinc.Net,,,Sun Group Inc,,,,,,,,,,,,,2464198365,,,,,,,,3/19/2026,3/19/2026,,,,,,,,,WTM London 2025
513,,,New Lead,Barbara.Thomas@Suntourscaribbean.Com,,Sun,Tours,,,,,,,,,,,,,2464348460,,,,,,,,3/19/2026,3/19/2026,,,,,,,,,WTM London 2025
514,,,New Lead,Md@Royalbasinresort,,Royal,Basin Resort,,,,,,,,,,,,,2.3355E+11,,,,,,,,3/19/2026,3/19/2026,,,,,,,,,WTM London 2025
515,,,New Lead,Mihir@Melangedigital.Co,,Melange,Digital,,,,,,,,,,,,,4.47467E+11,,,,,,,,3/19/2026,3/19/2026,,,,,,,,,WTM London 2025
516,,,New Lead,K.Mboup@Africatourismsolutions.Com,,Africa,Tourism Solutions,,,,,,,,,,,,,2.21774E+11,,,,,,,,3/19/2026,3/19/2026,,,,,,,,,WTM London 2025
517,,,New Lead,Sowfatoumata.Pro@Gmail.Com,,Fs,Tourism & Consulting,,,,,,,,,,,,,33753182865,,,,,,,,3/19/2026,3/19/2026,,,,,,,,,WTM London 2025
518,,,New Lead,Info@Hunkarturizm.Com,,Hunkar,Int Halal Travel,,,,,,,,,,,,,9.05324E+11,,,,,,,,3/19/2026,3/19/2026,,,,,,,,,WTM London 2025
519,,,New Lead,Info@Africaincoming.Com,,Africa,Incoming Ltd,,,,,,,,,,,,,27875502462,,,,,,,,3/19/2026,3/19/2026,,,,,,,,,WTM London 2025
520,,,New Lead,Estifytravels@Gmails.Com,,Estify,Global Travel & Tours,,,,,,,,,,,,,2.34704E+12,,,,,,,,3/19/2026,3/19/2026,,,,,,,,,WTM London 2025
521,,,New Lead,Manas.Tapadara@Fanaticsports.Com,,Fanatic,Sports Pvt Ltd,,,,,,,,,,,,,9.1992E+11,,,,,,,,3/19/2026,3/19/2026,,,,,,,,,WTM London 2025
522,,,New Lead,Info@Soeasytravelinsurance.Com,,Soeasy,Travel Insurance,,,,,,,,,,,,,35796200200,,,,,,,,3/19/2026,3/19/2026,,,,,,,,,WTM London 2025
523,,,New Lead,Kelly@Tourys.Net,,Tourys,,,,,,,,,,,,,,4374948004,,,,,,,,3/19/2026,3/19/2026,,,,,,,,,WTM London 2025
524,,,New Lead,Rsartape@Holidaysatleisure.Com,,Holidays@Leisure,,,,,,,,,,,,,,9.12224E+11,,,,,,,,3/19/2026,3/19/2026,,,,,,,,,WTM London 2025
525,,,New Lead,Nick@Travelsmg.Com,,Travel,Show Mrk Group,,,,,,,,,,,,,7743233644,,,,,,,,3/19/2026,3/19/2026,,,,,,,,,WTM London 2025
526,,,New Lead,Info@Prestigetravelcorp.Com.Au,,Prestige,Travel,,,,,,,,,,,,,6.10281E+11,,,,,,,,3/19/2026,3/19/2026,,,,,,,,,WTM London 2025
527,,,New Lead,Anna@Treering.Com,,Treering,Memories,,,,,,,,,,,,,3046698254,,,,,,,,3/19/2026,3/19/2026,,,,,,,,,WTM London 2025
528,,,New Lead,Hoppietravel@Gmail.Com,,Inteletravel,,,,,,,,,,,,,,4.4781E+11,,,,,,,,3/19/2026,3/19/2026,,,,,,,,,WTM London 2025
529,,,New Lead,Tatiana.Czuchnowsky@Kensingtontours.Com,,Kensington,Tours,,,,,,,,,,,,,1466370452,,,,,,,,3/19/2026,3/19/2026,,,,,,,,,WTM London 2025
530,,,New Lead,Lili@Jonesrealescapes.Com,,Jones,Real Escapes,,,,,,,,,,,,,7903898260,,,,,,,,3/19/2026,3/19/2026,,,,,,,,,WTM London 2025
531,,,New Lead,Dirk.Robbeets@Hoboreizen.Be,,Hoboreizen,,,,,,,,,,,,,,32475430366,,,,,,,,3/19/2026,3/19/2026,,,,,,,,,WTM London 2025
532,,,New Lead,Denise@Fabulicioustravels.Com,,Fabulicious,Travel,,,,,,,,,,,,,4.47588E+11,,,,,,,,3/19/2026,3/19/2026,,,,,,,,,WTM London 2025
533,,,New Lead,Info@Greenbookexpeditions.Com,,Green,Book Expeditions,,,,,,,,,,,,,4.4735E+11,,,,,,,,3/19/2026,3/19/2026,,,,,,,,,WTM London 2025
534,,,New Lead,Anosh.Kanga@Ahuratravels.Com,,Ahura,Travels,,,,,,,,,,,,,9.12223E+11,,,,,,,,3/19/2026,3/19/2026,,,,,,,,,WTM London 2025
535,,,New Lead,Antoniodiramiotd@Gmail.Com,,Cambiente,,,,,,,,,,,,,,3.93464E+11,,,,,,,,3/19/2026,3/19/2026,,,,,,,,,WTM London 2025
536,,,New Lead,Leena.Penttinen@Vuokati.Fi,,Vuokati,,,,,,,,,,,,,,3.58404E+11,,,,,,,,3/19/2026,3/19/2026,,,,,,,,,WTM London 2025
537,,,New Lead,Charles.Oparaeche@Notjusttravel.Com,,Not,Just Travel,,,,,,,,,,,,,7862253885,,,,,,,,3/19/2026,3/19/2026,,,,,,,,,WTM London 2025
538,,,New Lead,Emma@Goeugo.Com,,Goeugo,,,,,,,,,,,,,,31629382850,,,,,,,,3/19/2026,3/19/2026,,,,,,,,,WTM London 2025
539,,,New Lead,Yvonnedonkor70@Gmail.Com,,Tougha,,,,,,,,,,,,,,2.33243E+11,,,,,,,,3/19/2026,3/19/2026,,,,,,,,,WTM London 2025
540,,,New Lead,Bharat.Vyas@Ferty9.Com,,Ferty9,,,,,,,,,,,,,,9.19099E+11,,,,,,,,3/19/2026,3/19/2026,,,,,,,,,WTM London 2025
541,,,New Lead,Sales@Redbeachtravel.Com,,Red,Beach Travel Co. Ltd,,,,,,,,,,,,,84916891952,,,,,,,,3/19/2026,3/19/2026,,,,,,,,,WTM London 2025
542,,,New Lead,S.Sarisen@Gloria-Hotels.Com,,Khalidia,Palace Hotel Dubia,,,,,,,,,,,,,9.71562E+11,,,,,,,,3/19/2026,3/19/2026,,,,,,,,,WTM London 2025
543,,,New Lead,Todaystravellmd4@Yahoo.Com,,Todays,Travels,,,,,,,,,,,,,2.33249E+11,,,,,,,,3/19/2026,3/19/2026,,,,,,,,,WTM London 2025
544,,,New Lead,Sales@P1Hospitality.Com,,P1,Travel,,,,,,,,,,,,,31618738898,,,,,,,,3/19/2026,3/19/2026,,,,,,,,,WTM London 2025
545,,,New Lead,Nermine.Raouf@Doclinia.Com,,,Doclina,,,,,,,,,,,,,9.71562E+11,,,,,,,,3/19/2026,3/19/2026,,,,,,,,,WTM London 2025
546,,,New Lead,Andrea.Carv23@Icloud.Com,,The International,IHolidays Club,,,,,,,,,,,,,4.47443E+11,,,,,,,,3/19/2026,3/19/2026,,,,,,,,,WTM London 2025
547,,,New Lead,Umair@Traveldesigner.Qa,,Travel,Designer,,,,,,,,,,,,,97431002679,,,,,,,,3/19/2026,3/19/2026,,,,,,,,,WTM London 2025
548,,,New Lead,Shinoj@Bedouin.Ae,,Bedouin,Trips,,,,,,,,,,,,,9.7151E+11,,,,,,,,3/19/2026,3/19/2026,,,,,,,,,WTM London 2025
549,,,New Lead,Md@Hatravel.Com.Vn,,Hatravel,,,,,,,,,,,,,,84986269111,,,,,,,,3/19/2026,3/19/2026,,,,,,,,,WTM London 2025
550,,,New Lead,Lucia@Coastmariatours.Com,,Coasta,Maria Tours,,,,,,,,,,,,,2.547E+11,,,,,,,,3/19/2026,3/19/2026,,,,,,,,,WTM London 2025
551,,,New Lead,Patrick.Chase@Destination-Asia.Com,,Destination,Asia,,,,,,,,,,,,,85569533318,,,,,,,,3/19/2026,3/19/2026,,,,,,,,,WTM London 2025
552,,,New Lead,Raaif@Resortlife.Travel,,Resort,Life Travel,,,,,,,,,,,,,9607876366,,,,,,,,3/19/2026,3/19/2026,,,,,,,,,WTM London 2025
553,,,New Lead,Thizkar@Capitaltravel.Com,,Capital,Travel,,,,,,,,,,,,,9607911570,,,,,,,,3/19/2026,3/19/2026,,,,,,,,,WTM London 2025
554,,,New Lead,Contact@Slvtoursandtravels.Com,,Slv Tours,Abd Travels,,,,,,,,,,,,,9.1778E+11,,,,,,,,3/19/2026,3/19/2026,,,,,,,,,WTM London 2025
555,,,New Lead,F.Gonzalez@Hispaniadeluxe.Com,,Hiszpania,Latam De Luxe,,,,,,,,,,,,,48728958974,,,,,,,,3/19/2026,3/19/2026,,,,,,,,,WTM London 2025
556,,,New Lead,Zhiyuan.Liao@Greatwaytour.Com,,Chengdu,Greatway Tour,,,,,,,,,,,,,8.61898E+12,,,,,,,,3/19/2026,3/19/2026,,,,,,,,,WTM London 2025
557,,,New Lead,A.Rasheed@Sunoceanmaldives.Com,,Sun,Ocean,,,,,,,,,,,,,9607774042,,,,,,,,3/19/2026,3/19/2026,,,,,,,,,WTM London 2025
558,,,New Lead,Bella@Mauritours.Net,,Mauri,Tours,,,,,,,,,,,,,23059399207,,,,,,,,3/19/2026,3/19/2026,,,,,,,,,WTM London 2025
559,,,New Lead,Info@Theshamsgroup.Uz,,The Shams,Group,,,,,,,,,,,,,9.9894E+11,,,,,,,,3/19/2026,3/19/2026,,,,,,,,,WTM London 2025
560,,,New Lead,Info@Egypttourpackages.Com,,Egypt,Tour Packages,,,,,,,,,,,,,2.01225E+11,,,,,,,,3/19/2026,3/19/2026,,,,,,,,,WTM London 2025
561,,,New Lead,Mblackburn@Mmgy.Com,,Mmgy,,,,,,,,,,,,,,4.42076E+11,,,,,,,,3/19/2026,3/19/2026,,,,,,,,,WTM London 2025
562,,,New Lead,Ek.Odigie@Cynosuretravelsltd.Com,,Cynosure,Travels Ltd,,,,,,,,,,,,,2.34814E+12,,,,,,,,3/19/2026,3/19/2026,,,,,,,,,WTM London 2025
563,,,New Lead,Fernwehrahee@Gmail.Com,,Fernwehrahee,,,,,,,,,,,,,,4.47824E+11,,,,,,,,3/19/2026,3/19/2026,,,,,,,,,WTM London 2025
564,,,New Lead,Valentina@Thestratford.Com,,The,Stratford,,,,,,,,,,,,,4.4204E+11,,,,,,,,3/19/2026,3/19/2026,,,,,,,,,WTM London 2025
565,,,New Lead,Js8@Psu.Edu,,Pennstate,,,,,,,,,,,,,,,,,,,,,,3/19/2026,3/19/2026,,,,,,,,,Sales Trip Europe January 2025
566,,,New Lead,Alana@Bfsafaris.Com,,Born,Free Safaris,,,,,,,,,,,,,7478833308,,,,,,,,3/19/2026,3/19/2026,,,,,,,,,Sales Trip Europe January 2025
567,,,New Lead,Ahendric@Successnet.Net,,Azuri,Tours And Travel,,,,,,,,,,,,,31053858000,,,,,,,,3/19/2026,3/19/2026,,,,,,,,,Sales Trip Europe January 2025
568,,,New Lead,Cathy@Heartcruises.Com,,Steel,Travel Services,,,,,,,,,,,,,7142712251,,,,,,,,3/19/2026,3/19/2026,,,,,,,,,Sales Trip Europe January 2025
569,,,New Lead,Cblake@Aol.Com,,International Travel,Specialists,,,,,,,,,,,,,7149519020,,,,,,,,3/19/2026,3/19/2026,,,,,,,,,Sales Trip Europe January 2025
570,,,New Lead,Michellelazre.Inteletravel.Com,,Passport,To Anywhere,,,,,,,,,,,,,5164928185,,,,,,,,3/19/2026,3/19/2026,,,,,,,,,Sales Trip Europe January 2025
571,,,New Lead,Grosetravel@Icloud.Com,,Grose,Travel,,,,,,,,,,,,,6107516610,,,,,,,,3/19/2026,3/19/2026,,,,,,,,,Sales Trip Europe January 2025
572,,,New Lead,Globalbridalgroup@Gmail.Com,,Marry,,,,,,,,,,,,,,2034618423,,,,,,,,3/19/2026,3/19/2026,,,,,,,,,Sales Trip Europe January 2025
573,,,New Lead,Sales@Africaparadiseadventures.Com,,Africa Paradise,Adventures,,,,,,,,,,,,,18665504447,,,,,,,,3/19/2026,3/19/2026,,,,,,,,,Sales Trip Europe January 2025
574,,,New Lead,Dkeith.Travel1747@Gmail.Com,,Florida,Vacations,,,,,,,,,,,,,7323004668,,,,,,,,3/19/2026,3/19/2026,,,,,,,,,Sales Trip Europe January 2025
575,,,New Lead,Rolsrols77@Yahoo.Com,,Rolsros,Enterprise,,,,,,,,,,,,,2019195594,,,,,,,,3/19/2026,3/19/2026,,,,,,,,,Sales Trip Europe January 2025
576,,,New Lead,Jsmgonline@Gmail.Com,,Saunders,Event And Travel,,,,,,,,,,,,,9178163577,,,,,,,,3/19/2026,3/19/2026,,,,,,,,,Sales Trip Europe January 2025
577,,,New Lead,Ehenry@Minervatravel.Net,,Minerva,Travel,,,,,,,,,,,,,7183772071,,,,,,,,3/19/2026,3/19/2026,,,,,,,,,Sales Trip Europe January 2025
578,,,New Lead,Trekstartravels@Gmail.Com,,Trekstar,Travels,,,,,,,,,,,,,,,,,,,,,3/19/2026,3/19/2026,,,,,,,,,Sales Trip Europe January 2025
579,,,New Lead,Sarah@Thefivefoottraveler.Com,,The,Five Foot Traveler,,,,,,,,,,,,,12037317613,,,,,,,,3/19/2026,3/19/2026,,,,,,,,,Sales Trip Europe January 2025
580,,,New Lead,Rdunira@Zimembassydc.Org,,Embassy,Of Zimbabwe,,,,,,,,,,,,,2023327100,,,,,,,,3/19/2026,3/19/2026,,,,,,,,,Sales Trip Europe January 2025
581,,,New Lead,Gyalatravel@Gmail.Com,,Gyala,Travel,,,,,,,,,,,,,6465430639,,,,,,,,3/19/2026,3/19/2026,,,,,,,,,Sales Trip Europe January 2025
582,,,New Lead,Tracy@Indochina-Dmc.Com,,Indochina,,,,,,,,,,,,,,84982058118,,,,,,,,3/19/2026,3/19/2026,,,,,,,,,Sales Trip Europe January 2025
583,,,New Lead,Tdetours@Gmail.Com,,Tde Tours,"Connection, Inc",,,,,,,,,,,,,7185155100,,,,,,,,3/19/2026,3/19/2026,,,,,,,,,Sales Trip Europe January 2025
584,,,New Lead,Esclusively.Yours@Envoyage.Com,,Envoyage,,,,,,,,,,,,,,6467612070,,,,,,,,3/19/2026,3/19/2026,,,,,,,,,Sales Trip Europe January 2025
585,,,New Lead,Info@Mptravels.Us,,Mp,Travels,,,,,,,,,,,,,19292245004,,,,,,,,3/19/2026,3/19/2026,,,,,,,,,Sales Trip Europe January 2025
586,,,New Lead,Creativedatesfi@Gmail.Com,,-,,,,,,,,,,,,,,8135314020,,,,,,,,3/19/2026,3/19/2026,,,,,,,,,Sales Trip Europe January 2025
587,,,New Lead,Parashu@Idiworldwide.Net,,Int.,Dev. Inst,,,,,,,,,,,,,15713481188,,,,,,,,3/19/2026,3/19/2026,,,,,,,,,Sales Trip Europe January 2025
588,,,New Lead,Alex@Southernxplorer.Co.Za,,Southern,Xplorer,,,,,,,,,,,,,4.91734E+11,,,,,,,,3/19/2026,3/19/2026,,,,,,,,,Sales Trip Europe January 2025
589,,,New Lead,Sfleming@Varietycruises.Com,,Variety,Crusies,,,,,,,,,,,,,2125004257,,,,,,,,3/19/2026,3/19/2026,,,,,,,,,Sales Trip Europe January 2025
590,,,New Lead,Vikatourkg@Gmail.Com,,Vika,Tour,,,,,,,,,,,,,9.96777E+11,,,,,,,,3/19/2026,3/19/2026,,,,,,,,,Sales Trip Europe January 2025
591,,,New Lead,T2Gtravel2016@Yahoo.Com,,T2Gtravel,,,,,,,,,,,,,,2673981019,,,,,,,,3/19/2026,3/19/2026,,,,,,,,,Sales Trip Europe January 2025
592,,,New Lead,Theglobalexperience@Gmail.Com,,Global,Experience,,,,,,,,,,,,,3476861634,,,,,,,,3/19/2026,3/19/2026,,,,,,,,,Sales Trip Europe January 2025
593,,,New Lead,Moretraveltoday@Gmail.Com,,More,Travel Agency,,,,,,,,,,,,,5162537817,,,,,,,,3/19/2026,3/19/2026,,,,,,,,,Sales Trip Europe January 2025
594,,,New Lead,Lc.Smith@Dreamvacations.Com,,Dream,Vacations,,,,,,,,,,,,,,,,,,,,,3/19/2026,3/19/2026,,,,,,,,,Sales Trip Europe January 2025
595,,,New Lead,Marina.Rogova@Connormd.Com,,Connor,Md,,,,,,,,,,,,,2129882800,,,,,,,,3/19/2026,3/19/2026,,,,,,,,,Sales Trip Europe January 2025
596,,,New Lead,Cgsh@Lawyerstravel.Com,,Lawyers,Travel,,,,,,,,,,,,,2122253590,,,,,,,,3/19/2026,3/19/2026,,,,,,,,,Sales Trip Europe January 2025
597,,,New Lead,Rubalikaapsl@Gmail.Com,,Rubalika Safari,Lodge&Farm,,,,,,,,,,,,,2.5671E+11,,,,,,,,3/19/2026,3/19/2026,,,,,,,,,Sales Trip Europe January 2025
598,,,New Lead,Info@Kangesafaris.Com,,Kange,Safaris,,,,,,,,,,,,,2.56702E+11,,,,,,,,3/19/2026,3/19/2026,,,,,,,,,Sales Trip Europe January 2025
599,,,New Lead,"Lynettepilgri,.Com",,Pilgrim'S,Progress,,,,,,,,,,,,,6466411519,,,,,,,,3/19/2026,3/19/2026,,,,,,,,,Sales Trip Europe January 2025
600,,,New Lead,Elina@Travelina-World.Com,,Travelina,World,,,,,,,,,,,,,9086928888,,,,,,,,3/19/2026,3/19/2026,,,,,,,,,Sales Trip Europe January 2025
601,,,New Lead,Christinem@Mirandavacations.Com,,Miranda,Vacations,,,,,,,,,,,,,18606317601,,,,,,,,3/19/2026,3/19/2026,,,,,,,,,Sales Trip Europe January 2025
602,,,New Lead,Slywise@Gmail.Com,,State,University Of New York,,,,,,,,,,,,,5162441678,,,,,,,,3/19/2026,3/19/2026,,,,,,,,,Sales Trip Europe January 2025
603,,,New Lead,-,,Timeless,Sightseeing Tours,,,,,,,,,,,,,19292589625,,,,,,,,3/19/2026,3/19/2026,,,,,,,,,Sales Trip Europe January 2025
604,,,New Lead,Www.Passonatetravelinc.Com,,Passionate,Travel Inc.,,,,,,,,,,,,,8008907492,,,,,,,,3/19/2026,3/19/2026,,,,,,,,,Sales Trip Europe January 2025
605,,,New Lead,B.Auwal@Uel.Ac.Uk,,University,Of East Lodon,,,,,,,,,,,,,,,,,//www.gravatar.com/avatar/c7efc9f347f3d5f4c23c9b4682b547263197d9f56b458140eed5ec96a055c245?s=80&d=mm,,,,3/19/2026,3/19/2026,,,,,,,,,Sales Trip Europe January 2025
607,,,New Lead,Shirley@Goway.Com,,Goway,,,,,,,,,,,,,,8003878850,,,,,,,,3/19/2026,3/19/2026,,,,,,,,,Sales Trip Canada & USA October 2025
608,,,New Lead,Angelad@Goway.Com,,Goway,,,,,,,,,,,,,,800387885,,,,,,,,3/19/2026,3/19/2026,,,,,,,,,Sales Trip Canada & USA October 2025
609,,,New Lead,Ken@Excursioninsurance.Com,,Excursion,Insurance,,,,,,,,,,,,,305512059,,,,,,,,3/19/2026,3/19/2026,,,,,,,,,Sales Trip Canada & USA October 2025
610,,,New Lead,Beatrice@Silversea.Com,,Silver,Sea,,,,,,,,,,,,,37799994793,,,,,,,,3/19/2026,3/19/2026,,,,,,,,,Sales Trip Canada & USA October 2025
611,,,New Lead,Adama@Bigbustours.Com,,Big,Bus Tours,,,,,,,,,,,,,9.71508E+11,,,,,,,,3/19/2026,3/19/2026,,,,,,,,,Sales Trip Canada & USA October 2025
612,,,New Lead,Dclark@Mobile.Org,,Visit,Mobile Alabama,,,,,,,,,,,,,2512082000,,,,,,,,3/19/2026,3/19/2026,,,,,,,,,Sales Trip Canada & USA October 2025
613,,,New Lead,Virginia.Grimaldi@Mscrewsservices.Com,,Msc,Cruises,,,,,,,,,,,,,3.90815E+11,,,,,,,,3/19/2026,3/19/2026,,,,,,,,,Sales Trip Canada & USA October 2025
614,,,New Lead,Marisa.Mulhearn@Msccruisesusa.Com,,Msc,Cruises,,,,,,,,,,,,,9549581058,,,,,,,,3/19/2026,3/19/2026,,,,,,,,,Sales Trip Canada & USA October 2025
615,,,New Lead,Jmarmanillo@Nclcorp.Com,,Norwegian,Cruise Line,,,,,,,,,,,,,3054364023,,,,,,,,3/19/2026,3/19/2026,,,,,,,,,Sales Trip Canada & USA October 2025
616,,,New Lead,Nichole@Bluesvg.Com,,Blue,Destination Services,,,,,,,,,,,,,7844540203,,,,,,,,3/19/2026,3/19/2026,,,,,,,,,Sales Trip Canada & USA October 2025
617,,,New Lead,Sbeaubrun@Coxcoltd.Com,,Cox,And Company Ltd,,,,,,,,,,,,,7582852922,,,,,,,,3/19/2026,3/19/2026,,,,,,,,,Sales Trip Canada & USA October 2025
618,,,New Lead,Pia.Winkelmann.Aida.De,,Aida,,,,,,,,,,,,,,4.93814E+11,,,,,,,,3/19/2026,3/19/2026,,,,,,,,,Sales Trip Canada & USA October 2025
619,,,New Lead,Jarris.Taylor@Hamptonu.Edu,,Hampton,University,,,,,,,,,,,,,7577286698,,,,,,,,3/19/2026,3/19/2026,,,,,,,,,Sales Trip Canada & USA October 2025
620,,,New Lead,Info@Soleyltours.Com,,Soleyl,Tours And Travel,,,,,,,,,,,,,713229189,,,,,,,,3/19/2026,3/19/2026,,,,,,,,,Magical Kenya Expo 2025
621,,,New Lead,Info@Ceiloadventures.Com,,Ceilo,Adventures,,,,,,,,,,,,,2.54704E+11,,,,,,,,3/19/2026,3/19/2026,,,,,,,,,Magical Kenya Expo 2025
622,,,New Lead,Rupak@Starvacation.In,,Star,Vacations,,,,,,,,,,,,,9.19812E+11,,,,,,,,3/19/2026,3/19/2026,,,,,,,,,Magical Kenya Expo 2025
623,,,New Lead,Kathy@Lakenakurulodge.Org,,Lake,Nakuru,,,,,,,,,,,,,704813772,,,,,,,,3/19/2026,3/19/2026,,,,,,,,,Magical Kenya Expo 2025
624,,,New Lead,Info@Becker-And-Friends.De,,Becker,& Friends,,,,,,,,,,,,,4.91728E+11,,,,,,,,3/19/2026,3/19/2026,,,,,,,,,Magical Kenya Expo 2025
625,,,New Lead,Michellegathecha@Gmail.Com,,Medical,Doctor,,,,,,,,,,,,,2.54718E+11,,,,,,,,3/19/2026,3/19/2026,,,,,,,,,Magical Kenya Expo 2025
626,,,New Lead,Ashmidharia@Gypysysoulholidays.Com,,Gypsy,Soul Holidays,,,,,,,,,,,,,9.19821E+11,,,,,,,,3/19/2026,3/19/2026,,,,,,,,,Magical Kenya Expo 2025
627,,,New Lead,Kelly@Stubbornmuletravel.Com,,Stubborn,Mule Travel,,,,,,,,,,,,,1728752751,,,,,,,,3/19/2026,3/19/2026,,,,,,,,,Magical Kenya Expo 2025
628,,,New Lead,Mildred.Mugambi@Nacosti.Go.Ke,,Nationalm,Commission Innovation,,,,,,,,,,,,,2544007590,,,,,,,,3/19/2026,3/19/2026,,,,,,,,,Magical Kenya Expo 2025
629,,,New Lead,Aadestinations@Aakenya.Co.Ke,,Aa,Kenya,,,,,,,,,,,,,716096172,,,,,,,,3/19/2026,3/19/2026,,,,,,,,,Magical Kenya Expo 2025
630,,,New Lead,Mokaplazola1@Gmail.Com,,Moka,Travels,,,,,,,,,,,,,3331614294,,,,,,,,3/19/2026,3/19/2026,,,,,,,,,Magical Kenya Expo 2025
631,,,New Lead,Info@Tabitanzania.Com,,Tabi,,,,,,,,,,,,,,2.55682E+11,,,,,,,,3/19/2026,3/19/2026,,,,,,,,,Magical Kenya Expo 2025
632,,,New Lead,Frono@Karanafrica.Com,,Karan,Africa,,,,,,,,,,,,,2.54726E+11,,,,,,,,3/19/2026,3/19/2026,,,,,,,,,Magical Kenya Expo 2025
633,,,New Lead,Info@Bushwonderers.Com,,Bush,Wonderers,,,,,,,,,,,,,2.56707E+11,,,,,,,,3/19/2026,3/19/2026,,,,,,,,,Magical Kenya Expo 2025
634,,,New Lead,Kezy@Ignitetradeafrica.Com,,Ignite,Trade Africa,,,,,,,,,,,,,2.54701E+11,,,,,,,,3/19/2026,3/19/2026,,,,,,,,,Magical Kenya Expo 2025
635,,,New Lead,Linda@Lttraveldesign.Com,,Lt,Travel Design,,,,,,,,,,,,,5073668823,,,,,,,,3/19/2026,3/19/2026,,,,,,,,,Magical Kenya Expo 2025
636,,,New Lead,Operations@Wildafrica.Us,,Afrikanka,Kenya Ltd,,,,,,,,,,,,,2.54708E+11,,,,,,,,3/19/2026,3/19/2026,,,,,,,,,Magical Kenya Expo 2025
637,,,New Lead,Info2Taylormade-Travel.Net,,Taylormade,Travel,,,,,,,,,,,,,4.91722E+11,,,,,,,,3/19/2026,3/19/2026,,,,,,,,,Magical Kenya Expo 2025
638,,,New Lead,Dianaminja@Gmail.Com,,Arusha,Tanzania,,,,,,,,,,,,,2.55762E+11,,,,,,,,3/19/2026,3/19/2026,,,,,,,,,Magical Kenya Expo 2025
639,,,New Lead,Info@Mamaafricasafaris.Co.Tz,,Mama,Africa Safaris,,,,,,,,,,,,,2.55754E+11,,,,,,,,3/19/2026,3/19/2026,,,,,,,,,Magical Kenya Expo 2025
640,,,New Lead,Bookings@Corporate.Aero,,Corporate,Air,,,,,,,,,,,,,2.60965E+11,,,,,,,,3/19/2026,3/19/2026,,,,,,,,,Magical Kenya Expo 2025
641,,,New Lead,Info@Serengetiwildernesscamps.Com,,Serengetti,Wilderness Camo,,,,,,,,,,,,,2.55711E+11,,,,,,,,3/19/2026,3/19/2026,,,,,,,,,Magical Kenya Expo 2025
642,,,New Lead,Sales@Africanhartebeest.Com,,African,Hartebeest Safaris Ltd,,,,,,,,,,,,,2.54723E+11,,,,,,,,3/19/2026,3/19/2026,,,,,,,,,Magical Kenya Expo 2025
643,,,New Lead,Nicole@Mozio.Com,,Mozio,,,,,,,,,,,,,,34601367518,,,,,,,,3/19/2026,3/19/2026,,,,,,,,,Magical Kenya Expo 2025
644,,,New Lead,Siphuxolom@Robben-Island.Org.Za,,Robben,Island Musuem,,,,,,,,,,,,,27670230819,,,,,,,,3/19/2026,3/19/2026,,,,,,,,,Magical Kenya Expo 2025
645,,,New Lead,Info@Memimaltd.Co.Ke,,Memima,Ltd,,,,,,,,,,,,,2.54723E+11,,,,,,,,3/19/2026,3/19/2026,,,,,,,,,Magical Kenya Expo 2025
646,,,New Lead,Travelandtours@Boyanggape.Co.Za,,Boyang,Group,,,,,,,,,,,,,27114655053,,,,,,,,3/19/2026,3/19/2026,,,,,,,,,Magical Kenya Expo 2025
647,,,New Lead,Info@Inafricalink.Com,,In-Africa,Link,,,,,,,,,,,,,2.5571E+11,,,,,,,,3/19/2026,3/19/2026,,,,,,,,,Magical Kenya Expo 2025
648,,,New Lead,Sales3@Rtcanaannairobi.Com,,Royal,Tulip,,,,,,,,,,,,,2.54781E+11,,,,,,,,3/19/2026,3/19/2026,,,,,,,,,Magical Kenya Expo 2025
649,,,New Lead,Sales1@Gtcanaankampala.Com,,Golden,Tulip Uganda,,,,,,,,,,,,,2.5678E+11,,,,,,,,3/19/2026,3/19/2026,,,,,,,,,Magical Kenya Expo 2025
650,,,New Lead,Catherine.Njoroge@Privatesafaris.Co.Ke,,Private,Safaris,,,,,,,,,,,,,2.54204E+11,,,,,,,,3/19/2026,3/19/2026,,,,,,,,,Magical Kenya Expo 2025
651,,,New Lead,Hilventure@Gmail.Com,,Hi,Venture,,,,,,,,,,,,,2.55766E+11,,,,,,,,3/19/2026,3/19/2026,,,,,,,,,Magical Kenya Expo 2025
652,,,New Lead,Sales-Nbo@Cocoacollectionhotels.Com,,The,Cocoa Collection,,,,,,,,,,,,,2.54755E+11,,,,,,,,3/19/2026,3/19/2026,,,,,,,,,Magical Kenya Expo 2025
653,,,New Lead,Info@Safarisforafrica.Com,,Safaris,For Africa,,,,,,,,,,,,,27635596726,,,,,,,,3/19/2026,3/19/2026,,,,,,,,,Magical Kenya Expo 2025
654,,,New Lead,Info@Thrillspillstours.Com,,Thrills,Pills Tours,,,,,,,,,,,,,748762597,,,,,,,,3/19/2026,3/19/2026,,,,,,,,,Magical Kenya Expo 2025
655,,,New Lead,Jabu@Bujatours.Com,,Buja,Tours,,,,,,,,,,,,,27727622510,,,,,,,,3/19/2026,3/19/2026,,,,,,,,,Magical Kenya Expo 2025
656,,,New Lead,Mary@Spotlesstravel.Com,,Spotless,Travels,,,,,,,,,,,,,2.33545E+11,,,,,,,,3/19/2026,3/19/2026,,,,,,,,,Magical Kenya Expo 2025
657,,,New Lead,Globaltoursandsafaris@Telus.Nt,,Global,Tours And Safaris,,,,,,,,,,,,,17788383686,,,,,,,,3/19/2026,3/19/2026,,,,,,,,,Magical Kenya Expo 2025
658,,,New Lead,Holidays@Destinations-Connect.Com,,Destinations-Connect,,,,,,,,,,,,,,2.54718E+11,,,,,,,,3/19/2026,3/19/2026,,,,,,,,,Magical Kenya Expo 2025
659,,,New Lead,Safariboxadventures@Gmail.Com,,Safari,Box Adventures,,,,,,,,,,,,,2.55742E+11,,,,,,,,3/19/2026,3/19/2026,,,,,,,,,Magical Kenya Expo 2025
660,,,New Lead,Info@Loewentouristik.De,,Lowen,Touristik,,,,,,,,,,,,,4.90173E+12,,,,,,,,3/19/2026,3/19/2026,,,,,,,,,ITB Berlin 2025
661,,,New Lead,Lenka.Fidranska@Accka.Cz,,Accka,,,,,,,,,,,,,,4.20776E+11,,,,,,,,3/19/2026,3/19/2026,,,,,,,,,ITB Berlin 2025
662,,,New Lead,Jessina.Kunkel@Fh-Travel.De,,Fly,& Help Travel,,,,,,,,,,,,,21473489548,,,,,,,,3/19/2026,3/19/2026,,,,,,,,,ITB Berlin 2025
663,,,New Lead,Reinhard.Springer@Tandila-Travel.Com,,Tandila,Travel Gmbh,,,,,,,,,,,,,4.91739E+11,,,,,,,,3/19/2026,3/19/2026,,,,,,,,,ITB Berlin 2025
664,,,New Lead,Post@Tourism-Mediation.Net,,Tourism,Mediation,,,,,,,,,,,,,4.92248E+12,,,,,,,,3/19/2026,3/19/2026,,,,,,,,,ITB Berlin 2025
665,,,New Lead,Vivian.Wong@Kensingtontours.Com,,Kensington,,,,,,,,,,,,,,14372278503,,,,,,,,3/19/2026,3/19/2026,,,,,,,,,ITB Berlin 2025
666,,,New Lead,Reisen@Africanworld.De,,Africanworld,Touristic,,,,,,,,,,,,,4.92113E+13,,4.92113E+13,,,,,,3/19/2026,3/30/2026,,,,,,,,,ITB Berlin 2025
667,,,New Lead,G.Nestler@Gntouristik.At,,Gn,Tourisrik,,,,,,,,,,,,,4.36644E+11,,,,,,,,3/19/2026,3/19/2026,,,,,,,,,ITB Berlin 2025
668,,,New Lead,T.Thadewaldt@Diamir.De,,Diamir,,,,,,,,,,,,,,4.93513E+12,,4935131207,,,,,,3/19/2026,3/30/2026,,,,,,,,,ITB Berlin 2025
669,,,New Lead,Vinodh@Baradiaholidays.Com,,Baradia,Holidays Pvt Ltd,,,,,,,,,,,,,9.19894E+11,,,,,,,,3/19/2026,3/19/2026,,,,,,,,,ITB Berlin 2025
670,,,New Lead,Andrea.Kiening@Eurotours.At,,Eurotours,International,,,,,,,,,,,,,4.35357E+11,,,,,,,,3/19/2026,3/19/2026,,,,,,,,,ITB Berlin 2025
671,,,New Lead,Uzunov@Cosmostravel.Bg,,Cosmos,Travel,,,,,,,,,,,,,3.59884E+11,,,,,,,,3/19/2026,3/19/2026,,,,,,,,,ITB Berlin 2025
672,,,New Lead,Johannes.Soeder@Akwaba-Afrika.De,,Akwaba,Trave; Gmbh,,,,,,,,,,,,,4.93412E+12,,,,,,,,3/19/2026,3/19/2026,,,,,,,,,ITB Berlin 2025
673,,,New Lead,Luc.Hounsinou@Afri-Contact.Travel,,Afri-Contact,Travel,,,,,,,,,,,,,2.29015E+12,,,,,,,,3/19/2026,3/19/2026,,,,,,,,,ITB Berlin 2025
674,,,New Lead,Info@Petitefute.Com,,Petit,Fute,,,,,,,,,,,,,33750641435,,,,,,,,3/19/2026,3/19/2026,,,,,,,,,ITB Berlin 2025
675,,,New Lead,Chiara.Rizzi@Kel12.Com,,Kel,12,,,,,,,,,,,,,3.90228E+11,,,,,,,,3/19/2026,3/19/2026,,,,,,,,,ITB Berlin 2025
676,,,New Lead,Kojomensah@Zainalodge-Ghana.Com,,Zaina,Lodge,,,,,,,,,,,,,2.33303E+11,,,,,,,,3/19/2026,3/19/2026,,,,,,,,,ITB Berlin 2025
677,,,New Lead,Gm@Theroyalsenchi.Com,,The,Royal Senchi,,,,,,,,,,,,,2.23303E+11,,,,,,,,3/19/2026,3/19/2026,,,,,,,,,ITB Berlin 2025
678,,,New Lead,Reservation@Darelkaid.Com,,Darel,Kaid,,,,,,,,,,,,,2.12522E+11,,,,,,,,3/19/2026,3/19/2026,,,,,,,,,ITB Berlin 2025
679,,,New Lead,Rayan.Madih@Alizestravel.Com,,Alizes,Travel,,,,,,,,,,,,,2.12522E+11,,,,,,,,3/19/2026,3/19/2026,,,,,,,,,ITB Berlin 2025
680,,,New Lead,Jr@Atlantictravel.Lv,,Atlantic,Travel,,,,,,,,,,,,,37129334450,,,,,,,,3/19/2026,3/19/2026,,,,,,,,,ITB Berlin 2025
681,,,New Lead,Amanda@Onshowsolutions.Co.Za,,On,Show,,,,,,,,,,,,,27114314126,,,,,,,,3/19/2026,3/19/2026,,,,,,,,,ITB Berlin 2025
682,,,New Lead,Jacqui@Onshowsolutions.Co.Za,,On,Show,,,,,,,,,,,,,27724788310,,,,,,,,3/19/2026,3/19/2026,,,,,,,,,ITB Berlin 2025
683,,,New Lead,Bala@Takeabreakholidaysindia.Com,,Take,Break Holidays India,,,,,,,,,,,,,9.14443E+11,,,,,,,,3/19/2026,3/19/2026,,,,,,,,,ITB Berlin 2025
684,,,New Lead,Reservations@Bigfoottours.Co.Bw,,Big,Foot Tours,,,,,,,,,,,,,2673953360,,,,,,,,3/19/2026,3/19/2026,,,,,,,,,ITB Berlin 2025
685,,,New Lead,Hakecefolkvillage@Gmail.Com,,Hakce,Folk Village,,,,,,,,,,,,,85254939943,,,,,,,,3/19/2026,3/19/2026,,,,,,,,,ITB Berlin 2025
686,,,New Lead,Squamatersafaris@Gmail.Com,,Squamater,Safaris,,,,,,,,,,,,,26773359060,,,,,,,,3/19/2026,3/19/2026,,,,,,,,,ITB Berlin 2025
687,,,New Lead,Info@Heritagetoursagency.Com,,Heritage,Tours,,,,,,,,,,,,,9.72406E+11,,,,,,,,3/19/2026,3/19/2026,,,,,,,,,ITB Berlin 2025
688,,,New Lead,Emrahugursal@Emctur.Com,,Emc,Tur,,,,,,,,,,,,,9.05325E+11,,,,,,,,3/19/2026,3/19/2026,,,,,,,,,ITB Berlin 2025
689,,,New Lead,Tarique@Fairfest.In,,Fairfest,Media Limited,,,,,,,,,,,,,9.19831E+11,,,,,,,,3/19/2026,3/19/2026,,,,,,,,,ITB Berlin 2025
690,,,New Lead,Isiturkiye@Gmail.Com,,Isi,Turkiye,,,,,,,,,,,,,9.05335E+11,,,,,,,,3/19/2026,3/19/2026,,,,,,,,,ITB Berlin 2025
691,,,New Lead,Wael.Mahdy@Ratehawk.Com,,Rate,Hawk,,,,,,,,,,,,,2.01005E+11,,,,,,,,3/19/2026,3/19/2026,,,,,,,,,ITB Berlin 2025
692,,,New Lead,Info@Schorfheidetouren.De,,Schorfheidetouren,,,,,,,,,,,,,,1736104400,,,,,,,,3/19/2026,3/19/2026,,,,,,,,,ITB Berlin 2025
693,,,New Lead,Reservations3@Antelopesafaris.Co.Tz,,Antelope,Safaris,,,,,,,,,,,,,2.55677E+11,,,,,,,,3/19/2026,3/19/2026,,,,,,,,,ITB Berlin 2025
694,,,New Lead,Info@Wildroctravels.Com,,Wildroc,Travels,,,,,,,,,,,,,658475191,,,,,,,,3/19/2026,3/19/2026,,,,,,,,,ITB Berlin 2025
695,,,New Lead,Fredixyz@Gmail.Com,,Lamp,Travel,,,,,,,,,,,,,2.23265E+11,,,,,,,,3/19/2026,3/19/2026,,,,,,,,,ITB Berlin 2025
696,,,New Lead,Jeffreyson@Presidenttours.Com.Hk,,President,Tours,,,,,,,,,,,,,85223694808,,,,,,,,3/19/2026,3/19/2026,,,,,,,,,ITB Berlin 2025
697,,,New Lead,Management@Diskovera.Com,,Diskovera,,,,,,,,,,,,,,6.28579E+12,,,,,,,,3/19/2026,3/19/2026,,,,,,,,,ITB Berlin 2025
698,,,New Lead,Nicoline.Dolman@Discova.Com,,Discova,,,,,,,,,,,,,,6.28124E+11,,,,,,,,3/19/2026,3/19/2026,,,,,,,,,ITB Berlin 2025
699,,,New Lead,Thalia-Luo@Cntvh.Com,,China,Topview Holiday Travel And Trade,,,,,,,,,,,,,8.61064E+12,,,,,,,,3/19/2026,3/19/2026,,,,,,,,,ITB Berlin 2025
700,,,New Lead,Gm@Egypteitours.Com,,Egyptian,Int. Tours,,,,,,,,,,,,,2.01013E+11,,,,,,,,3/19/2026,3/19/2026,,,,,,,,,ITB Berlin 2025
701,,,New Lead,Christina.Namzy@Nile-Aviation.Fr,,Egypt,Nile Cruise,,,,,,,,,,,,,33145430020,,,,,,,,3/19/2026,3/19/2026,,,,,,,,,ITB Berlin 2025
702,,,New Lead,Sha@Amazingasiatravels.Com,,Amazing,Asia Travel And Tours,,,,,,,,,,,,,9607773816,,,,,,,,3/19/2026,3/19/2026,,,,,,,,,ITB Berlin 2025
703,,,New Lead,Minzie@Amazingasiatravels.Com,,Amazing,Asia Travel And Tours,,,,,,,,,,,,,9607944492,,,,,,,,3/19/2026,3/19/2026,,,,,,,,,ITB Berlin 2025
704,,,New Lead,Supi@Royalsilkholidays.Com,,Royal,Silk Holidays,,,,,,,,,,,,,66877894953,,,,,,,,3/19/2026,3/19/2026,,,,,,,,,ITB Berlin 2025
705,,,New Lead,Dora_An@Cntvh.Com,,China,Topview Holiday Travel And Trade,,,,,,,,,,,,,8.61064E+12,,,,,,,,3/19/2026,3/19/2026,,,,,,,,,ITB Berlin 2025
706,,,New Lead,Jessica.Soenandar@Mytripology.Com,,My,Tripology,,,,,,,,,,,,,6.22139E+11,,,,,,,,3/19/2026,3/19/2026,,,,,,,,,ITB Berlin 2025
707,,,New Lead,Dennis@Pegasustravels.Net,,Pegasus,Travel & Tours,,,,,,,,,,,,,60342602690,,,,,,,,3/19/2026,3/19/2026,,,,,,,,,ITB Berlin 2025
708,,,New Lead,Tony@Crowndmc.Com,,Crown,Dmc,,,,,,,,,,,,,8.6138E+12,,,,,,,,3/19/2026,3/19/2026,,,,,,,,,ITB Berlin 2025
709,,,New Lead,Helenpan@Chinaadventureltd.Com,,China,Adventure Travel,,,,,,,,,,,,,8.62083E+11,,,,,,,,3/19/2026,3/19/2026,,,,,,,,,ITB Berlin 2025
710,,,New Lead,Williamsu@Chinaadventureltd.Com,,China,Adventure Travel,,,,,,,,,,,,,8.6136E+12,,,,,,,,3/19/2026,3/19/2026,,,,,,,,,ITB Berlin 2025
711,,,New Lead,Dinakezio@Gmail.Com,,Inzozi,Tours & Travels,,,,,,,,,,,,,2.50789E+11,,,,,,,,3/19/2026,3/19/2026,,,,,,,,,ITB Berlin 2025
712,,,New Lead,Holidays.Rwanda@Satguruholidays.Com,,Satguru,Dmc,,,,,,,,,,,,,2.50737E+11,,,,,,,,3/19/2026,3/19/2026,,,,,,,,,ITB Berlin 2025
713,,,New Lead,Gm@Flamingobeach.Co.Ke,,Prideinn,Flamingo Beach Resort & Spa,,,,,,,,,,,,,2.5471E+11,,,,,,,,3/19/2026,3/19/2026,,,,,,,,,ITB Berlin 2025
714,,,New Lead,Info@Zanzibarsafinatours.Com,,Safin:,Tours & Safaris,,,,,,,,,,,,,2.55777E+11,,,,,,,,3/19/2026,3/19/2026,,,,,,,,,ITB Berlin 2025
715,,,New Lead,Gasser@Naturetravelegypt.Com,,Nature,Travel,,,,,,,,,,,,,2.01221E+11,,20693500391,,,,,,3/19/2026,3/30/2026,,,,,,,,,ITB Berlin 2025
716,,,New Lead,Info@Zanbottomtours.Com,,Zan,Bottom: Tours & Safaris,,,,,,,,,,,,,2.55777E+11,,,,,,,,3/19/2026,3/19/2026,,,,,,,,,ITB Berlin 2025
717,,,Cusomer (Follow-Up),,,Sese,Gadzekpo,,,,,,,,,,,,,,,244342070,,,,,,3/24/2026,3/24/2026,,,,,,,,,Ticket
718,,,Cusomer (Follow-Up),,,Belinda,,Starlife,,,,,,,,,,,,,,244962216,,,,,,3/24/2026,3/24/2026,,,,,,,,,Transport
719,,,Cusomer (Follow-Up),,,Belinda,,Starlife,,,,,,,,,,,,,,244962216,,,,,,3/24/2026,3/24/2026,,,,,,,,,Transport
720,,,Cusomer (Follow-Up),,,Diana,,W.G.H.S,,,,,,,,,,,,,,243424657,,,,,,3/24/2026,3/24/2026,,,,,,,,,Transport
721,,,Cusomer (Follow-Up),,,Richard,,GCB bank,,,,,Ghana,,,,,,,,,244272657,,,,,,3/24/2026,3/24/2026,,,,,,,,,Outbound|Ticket|Transport
722,,,Cusomer (Follow-Up),,,Barnes,,,,,,,Ghana,,,,,,,,,501378356,,,,,,3/24/2026,3/24/2026,,,,,,,,,Outbound|summer school
723,,,Cusomer (Follow-Up),,,Katrin,,,,,,,Ghana,,,,,,,,,206399931,,https://sunseekerstours.com/wp-content/plugins/zero-bs-crm/i/default-contact.png,,,,3/24/2026,3/24/2026,,,,,,,,,Transport
724,,,Cusomer (Follow-Up),,,Isaac,,,,,,,Ghana,,,,,,,,,248625714,,,,,,3/24/2026,3/24/2026,,,,,,,,,Outbound|Ticket|Transport
725,,,Cusomer (Follow-Up),,,Robert,,,,,,,,,,,,,,,,+1(647)561-0178,,,,,,3/24/2026,3/24/2026,,,,,,,,,Transport
726,,,Cusomer (Follow-Up),,,Akua,,,,,,,Ghana,,,,,,,,,242710247,,,,,,3/24/2026,3/24/2026,,,,,,,,,Transport
727,,,Cusomer (Follow-Up),,,Edna,,,,,,,Ghana,,,,,,,,,244628469,,,,,,3/24/2026,3/24/2026,,,,,,,,,Transport
728,,,Cusomer (Follow-Up),,,Leo-Arthur,,,,,,,Ghana,,,,,,,,,244284616,,,,,,3/24/2026,3/24/2026,,,,,,,,,Outbound|Ticket|Transport
729,,,Cusomer (Follow-Up),,,Arhin,,,,,,,Ghana,,,,,,,,,244982085,,,,,,3/24/2026,3/24/2026,,,,,,,,,Partnership
730,,,Cusomer (Follow-Up),,,Felix,,,,,,,Ghana,,,,,,,,,245917292,,https://sunseekerstours.com/wp-content/plugins/zero-bs-crm/i/default-contact.png,,,,3/24/2026,3/24/2026,,,,,,,,,Transport
731,,,Cusomer (Follow-Up),,,Stephen,Yomou,,,,,,Ghana,,,,,,,,,249229342,,,,,,3/24/2026,3/24/2026,,,,,,,,,Outbound
732,,,Cusomer (Follow-Up),,,Hirani,,,,,,,Ghana,,,,,,,,,200111108,,,,,,3/24/2026,3/24/2026,,,,,,,,,Ticket
733,,,Cusomer (Follow-Up),,,Florence,,,,,,,Ghana,,,,,,,,,243641621,,,,,,3/24/2026,3/24/2026,,,,,,,,,Ticket
734,,,Cusomer (Follow-Up),,,Nancy,,,,,,,Ghana,,,,,,,,,243641555,,,,,,3/24/2026,3/24/2026,,,,,,,,,Outbound|Ticket|Transport
735,,,Cusomer (Follow-Up),,,Allice,Appau,,,,,,Ghana,,,,,,,,,266448736,,,,,,3/24/2026,3/24/2026,,,,,,,,,Transport
736,,,Cusomer (Follow-Up),,Mr,,Appenteng,,,,,,Ghana,,,,,,,,,256024998,,,,,,3/24/2026,3/24/2026,,,,,,,,,Outbound|Ticket
737,,,Cusomer (Follow-Up),,Prof,Gideon,,,,,,,Ghana,,,,,,,,,+1(604)446-5553,,,,,,3/24/2026,3/24/2026,,,,,,,,,Transport
738,,,Cusomer (Follow-Up),,Company,Secretary (W.G.H.S),,,,,,,,,,,,,,,,553555471,,,,,,3/24/2026,3/24/2026,,,,,,,,,Transport
739,,,Cusomer (Follow-Up),,,Rev. Noonoo,,,,,,,Ghana,,,,,,,,,243827533,,,,,,3/24/2026,3/24/2026,,,,,,,,,Outbound
740,,,Cusomer (Follow-Up),,,Rev. Poha,,,,,,,Ghana,,,,,,,,,244876783,,,,,,3/24/2026,3/24/2026,,,,,,,,,Outbound
741,,,Cusomer (Follow-Up),,,Rev. Dorcas,,,,,,,Ghana,,,,,,,,,244157825,,,,,,3/24/2026,3/24/2026,,,,,,,,,Outbound
742,,,Cusomer (Follow-Up),,,Augustin,,,,,,,Ghana,,,,,,,,,249812697,,,,,,3/24/2026,3/24/2026,,,,,,,,,Outbound
743,,,Cusomer (Follow-Up),,,Anita,,,,,,,Ghana,,,,,,,,,209502434,,https://sunseekerstours.com/wp-content/plugins/zero-bs-crm/i/default-contact.png,,,,3/24/2026,3/24/2026,,,,,,,,,Transport
744,,,Cusomer (Follow-Up),,,Adelaide,,,,,,,,,,,,,,,,234415005,,,,,,3/24/2026,3/24/2026,,,,,,,,,Ticket
745,,,Lead,pplmp_joy@yahoo.com,,Joy,Agyepong,,,,,,,,,,,,,,,,,,,,,3/27/2026,3/27/2026,,,,,,,,,Sales Trip: Prague Czech Republic 2025
746,,,Lead,deryckaclarke@gmail.com,,DERYCK,CLARKE,,,,,,,,,,,,,,,,,,,,,3/28/2026,3/28/2026,,,,,,,,,Sales Trip: Prague Czech Republic 2025
748,,,New Lead,Tadeas.Adamek@Superzajezdy.Cz,,Superzajezdy.Cz,,,,,,,,,,,,,,4.20273E+11,,,,,,,,3/30/2026,3/30/2026,,,,,,,,,Sales Trip: Prague Czech Republic 2025
749,,,New Lead,Pavla.Adamkova@Superzajezdy.Cz,,Superzajezdy.Cz,,,,,,,,,,,,,,4.20778E+11,,,,,,,,3/30/2026,3/30/2026,,,,,,,,,Sales Trip: Prague Czech Republic 2025
750,,,New Lead,Hana.Bartuskova@Axamit.Cz,,Axamit:,Events.Conf.Travels,,,,,,,,,,,,,4.20606E+11,,,,,,,,3/30/2026,3/30/2026,,,,,,,,,Sales Trip: Prague Czech Republic 2025
751,,,New Lead,Sekretariat@Accka.Cz,,Accka,,,,,,,,,,,,,,4.20602E+11,,,,,,,,3/30/2026,3/30/2026,,,,,,,,,Sales Trip: Prague Czech Republic 2025
752,,,New Lead,Daniel@Metatour.Cz,,Meta,Tour,,,,,,,,,,,,,4.20728E+11,,,,,,,,3/30/2026,3/30/2026,,,,,,,,,Sales Trip: Prague Czech Republic 2025
753,,,New Lead,Adam.Krnavek@Cedok.Cz,,Cedok,,,,,,,,,,,,,,4.20732E+11,,,,,,,,3/30/2026,3/30/2026,,,,,,,,,Sales Trip: Prague Czech Republic 2025
754,,,New Lead,"Andrea.Sedlackova@Adventura,Net",,Adventura,,,,,,,,,,,,,,4.20734E+11,,,,,,,,3/30/2026,3/30/2026,,,,,,,,,Sales Trip: Prague Czech Republic 2025
755,,,New Lead,Vancurova@Cknova.Ck,,Ck,Nova,,,,,,,,,,,,,42051521383,,,,,,,,3/30/2026,3/30/2026,,,,,,,,,Sales Trip: Prague Czech Republic 2025
756,,,New Lead,Radomilvlk@Volny.Cz,,Gentura,L + R,,,,,,,,,,,,,4.20222E+11,,,,,,,,3/30/2026,3/30/2026,,,,,,,,,Sales Trip: Prague Czech Republic 2025
757,,,New Lead,Jirina.Sanova@Adventura.Cz,,Adventura,,,,,,,,,,,,,,4.20777E+11,,,,,,,,3/30/2026,3/30/2026,,,,,,,,,Sales Trip: Prague Czech Republic 2025
758,,,New Lead,M.Petrokova@Iitours.Cz,,Iit,Tours,,,,,,,,,,,,,4.20721E+11,,,,,,,,3/30/2026,3/30/2026,,,,,,,,,Sales Trip: Prague Czech Republic 2025
759,,,New Lead,Milan.Bezkocka@Esotravel.Cz,,Eso,Travel,,,,,,,,,,,,,4.20233E+11,,,,,,,,3/30/2026,3/30/2026,,,,,,,,,Sales Trip: Prague Czech Republic 2025
760,,,New Lead,Hana.Psenicna@Leones.Cz,,Leones,Travel,,,,,,,,,,,,,4.20603E+11,,,,,,,,3/30/2026,3/30/2026,,,,,,,,,Sales Trip: Prague Czech Republic 2025
761,,,New Lead,Tomas.Endris@Leones.Cz,,Leones,Travel,,,,,,,,,,,,,4.20725E+11,,,,,,,,3/30/2026,3/30/2026,,,,,,,,,Sales Trip: Prague Czech Republic 2025
762,,,New Lead,I.Svechotova@Metred.Cz,,Metres:,Medica Travel,,,,,,,,,,,,,4.20607E+11,,,,,,,,3/30/2026,3/30/2026,,,,,,,,,Sales Trip: Prague Czech Republic 2025
763,,,New Lead,Eszen@Tensi.Hu,,Tensi,Holiday,,,,,,,,,,,,,36704545535,,,,,,,,3/30/2026,3/30/2026,,,,,,,,,Sales Trip: Prague Czech Republic 2025
764,,,New Lead,Gtarnoczi@Tensi.Hu,,Tensi,Holiday,,,,,,,,,,,,,36704545840,,,,,,,,3/30/2026,3/30/2026,,,,,,,,,Sales Trip: Prague Czech Republic 2025
765,,,New Lead,Consularprgh@Gmail.Com,,Embassy,"Of Ghana, Prague",,,,,,,,,,,,,4.20775E+11,,,,,,,,3/30/2026,3/30/2026,,,,,,,,,Sales Trip: Prague Czech Republic 2025
766,,,New Lead,Dhorisdab@Gmail.Com,,Embassy,"Of Ghana, Prague",,,,,,,,,,,,,4.20233E+11,,,,,,,,3/30/2026,3/30/2026,,,,,,,,,Sales Trip: Prague Czech Republic 2025
767,,,New Lead,Michal.Sadovsky@Luxurycollection.Com,,Augustine,"Hotel, Prague",,,,,,,,,,,,,4.20266E+11,,,,,,,,3/30/2026,3/30/2026,,,,,,,,,Sales Trip: Prague Czech Republic 2025
768,,,New Lead,Augustine@Luxurycollection.Com,,Augustine,"Hotel, Prague",,,,,,,,,,,,,4.20773E+11,,,,,,,,3/30/2026,3/30/2026,,,,,,,,,Sales Trip: Prague Czech Republic 2025
769,,,New Lead,Info@Womenofcolorroar.Com,,Women,Of Color,,,,,,,,,,,,,4248880497,,,,,,,,3/30/2026,3/30/2026,,,,,,,,,NAFSA Conference-Us May 25
770,,,New Lead,Angela.Ahme@Gus.Global,,Global,Universty Sytems,,,,,,,,,,,,,4.42082E+11,,,,,,,,3/30/2026,3/30/2026,,,,,,,,,NAFSA Conference-Us May 25
771,,,New Lead,Hello@Visamonk.Ai,,Visamonk.Ai,,,,,,,,,,,,,,9.19171E+12,,,,,,,,3/30/2026,3/30/2026,,,,,,,,,NAFSA Conference-Us May 25
772,,,New Lead,K.Rosenbaum@Aieaworld.Org,,Association,Of Int. Edu Administrations,,,,,,,,,,,,,,,,,,,,,3/30/2026,3/30/2026,,,,,,,,,NAFSA Conference-Us May 25
773,,,New Lead,Pyagi@Sdsu.Edu,,San,Diego State Uni.,,,,,,,,,,,,,6195942475,,,,,,,,3/30/2026,3/30/2026,,,,,,,,,NAFSA Conference-Us May 25
774,,,New Lead,Nirmal@Careermosaic.Org,,Career,Mosaic,,,,,,,,,,,,,9.19826E+11,,,,,,,,3/30/2026,3/30/2026,,,,,,,,,NAFSA Conference-Us May 25
775,,,New Lead,Easterstravel@Gmail.Com,,Easters,Travel,,,,,,,,,,,,,6197778804,,,,,,,,3/30/2026,3/30/2026,,,,,,,,,NAFSA Conference-Us May 25
776,,,New Lead,Creynolds2@Sdsu.Edu,,San,Diego State Uni.,,,,,,,,,,,,,6195941816,,,,,,,,3/30/2026,3/30/2026,,,,,,,,,NAFSA Conference-Us May 25
777,,,New Lead,Jbaham@Sdsu.Edu,,San,Diego State Uni.,,,,,,,,,,,,,6195945067,,,,,,,,3/30/2026,3/30/2026,,,,,,,,,NAFSA Conference-Us May 25
778,,,New Lead,Silert@Rice.Edu,,Rice,,,,,,,,,,,,,,7133487423,,,,,,,,3/30/2026,3/30/2026,,,,,,,,,NAFSA Conference-Us May 25
779,,,New Lead,Lydiah@8B.Finance,,8B,Educational Investments,,,,,,,,,,,,,19173243145,,,,,,,,3/30/2026,3/30/2026,,,,,,,,,NAFSA Conference-Us May 25
780,,,New Lead,Agnes.Coppin@Famu.Edu,,Florida,A&M University,,,,,,,,,,,,,8505993568,,,,,,,,3/30/2026,3/30/2026,,,,,,,,,NAFSA Conference-Us May 25
781,,,New Lead,Jonathan@Global-Engagement.Org,,Global,Engagement Institute,,,,,,,,,,,,,9702946811,,,,,,,,3/30/2026,3/30/2026,,,,,,,,,NAFSA Conference-Us May 25
782,,,New Lead,Brynna@Gooverseas.Com,,Gooverseas,,,,,,,,,,,,,,,,,,,,,,3/30/2026,3/30/2026,,,,,,,,,NAFSA Conference-Us May 25
783,,,New Lead,Partnerships@Gooverseas.Com,,Gooverseas,,,,,,,,,,,,,,,,,,,,,,3/30/2026,3/30/2026,,,,,,,,,NAFSA Conference-Us May 25
784,,,New Lead,Kate.Maghlakelidze@Enokoeducation.Com,,Enko,Education,,,,,,,,,,,,,9.956E+11,,,,,,,,3/30/2026,3/30/2026,,,,,,,,,NAFSA Conference-Us May 25
785,,,New Lead,Raju.Datla@Infinitegroup.Org,,Infinite,Group,,,,,,,,,,,,,9.18871E+12,,,,,,,,3/30/2026,3/30/2026,,,,,,,,,NAFSA Conference-Us May 25
786,,,New Lead,Alzainzee.Alzain@Hamptonu.Edu,,Hampton,University,,,,,,,,,,,,,7572167981,,,,,,,,3/30/2026,3/30/2026,,,,,,,,,NAFSA Conference-Us May 25
787,,,New Lead,Mortiz@Aifs.Com,,Aifs,Abroad,,,,,,,,,,,,,4437761921,,,,,,,,3/30/2026,3/30/2026,,,,,,,,,NAFSA Conference-Us May 25
788,,,New Lead,Smccambr@Csusb.Edu,,California,State University,,,,,,,,,,,,,9095373941,,,,,,,,3/30/2026,3/30/2026,,,,,,,,,NAFSA Conference-Us May 25
789,,,New Lead,Arianna.Huhn@Csusb.Edu,,California,State University,,,,,,,,,,,,,9095375907,,,,,,,,3/30/2026,3/30/2026,,,,,,,,,NAFSA Conference-Us May 25
790,,,New Lead,Hlee55@Calstatela.Edu,,California,State University,,,,,,,,,,,,,8885413852,,,,,,,,3/30/2026,3/30/2026,,,,,,,,,NAFSA Conference-Us May 25
791,,,New Lead,Jcao@Csufresno.Edu,,Freson,State,,,,,,,,,,,,,5592785386,,,,,,,,3/30/2026,3/30/2026,,,,,,,,,NAFSA Conference-Us May 25
792,,,New Lead,Eddiewest@Csufresno.Edu,,Freson,State,,,,,,,,,,,,,5592782782,,,,,,,,3/30/2026,3/30/2026,,,,,,,,,NAFSA Conference-Us May 25
793,,,New Lead,Bisp@Berkeley.Edu,,Berkeley,,,,,,,,,,,,,,,,,,,,,,3/30/2026,3/30/2026,,,,,,,,,NAFSA Conference-Us May 25
794,,,New Lead,Zoey.Wilson@Accentglobal.Com,,Accent,Global,,,,,,,,,,,,,3.90698E+11,,,,,,,,3/30/2026,3/30/2026,,,,,,,,,NAFSA Conference-Us May 25
795,,,New Lead,Brandon.Youngman@Worldstrides.Com,,Worldstrides,,,,,,,,,,,,,,14342849706,,,,,,,,3/30/2026,3/30/2026,,,,,,,,,NAFSA Conference-Us May 25
796,,,New Lead,Joonas@Beyoundabroad.Org,,Beyound,Abroad,,,,,,,,,,,,,3.58452E+11,,,,,,,,3/30/2026,3/30/2026,,,,,,,,,NAFSA Conference-Us May 25
797,,,New Lead,Aeguiluz@Worldstrides.Com,,Worldstrides,,,,,,,,,,,,,,34629756482,,,,,,,,3/30/2026,3/30/2026,,,,,,,,,NAFSA Conference-Us May 25
798,,,New Lead,Laura.Perry@Csaueastbay.Edu,,Cal,State East Bay,,,,,,,,,,,,,15108852107,,,,,,,,3/30/2026,3/30/2026,,,,,,,,,NAFSA Conference-Us May 25
799,,,New Lead,Jennifer@Worldstrides.Com,,Worldstrides,,,,,,,,,,,,,,15713343929,,,,,,,,3/30/2026,3/30/2026,,,,,,,,,NAFSA Conference-Us May 25
800,,,New Lead,Mjackson@Sfsu.Edu,,San,Francisco State Uni,,,,,,,,,,,,,4153383317,,,,,,,,3/30/2026,3/30/2026,,,,,,,,,NAFSA Conference-Us May 25
801,,,New Lead,Julie.Lucas@Sjsu.Edu,,San,Jose State University,,,,,,,,,,,,,4089246057,,,,,,,,3/30/2026,3/30/2026,,,,,,,,,NAFSA Conference-Us May 25
802,,,New Lead,Sjessee@Cetacademicprograms.Com,,Cet,Academic Programs,,,,,,,,,,,,,2023497350,,,,,,,,3/30/2026,3/30/2026,,,,,,,,,NAFSA Conference-Us May 25
803,,,New Lead,Roxana.Tunc@Csuci.Edu,,California,State University,,,,,,,,,,,,,8054378970,,,,,,,,3/30/2026,3/30/2026,,,,,,,,,NAFSA Conference-Us May 25
804,,,New Lead,Joseph.Onochio@Baruch.Cuny.Edu,,Baruch,College,,,,,,,,,,,,,16463123483,,,,,,,,3/30/2026,3/30/2026,,,,,,,,,NAFSA Conference-Us May 25
805,,,New Lead,Natalie.Word@Famu.Edu,,Florida,A&M University,,,,,,,,,,,,,8505993295,,,,,,,,3/30/2026,3/30/2026,,,,,,,,,NAFSA Conference-Us May 25
806,,,New Lead,Kvo@Bmcc.Cuny.Edu,,Borough,Of Manhattan Community College,,,,,,,,,,,,,2127766586,,,,,,,,3/30/2026,3/30/2026,,,,,,,,,NAFSA Conference-Us May 25
807,,,New Lead,Christine.Lidstone@Scholartrip.Com,,Scholar,Trip,,,,,,,,,,,,,9494249267,,,,,,,,3/30/2026,3/30/2026,,,,,,,,,NAFSA Conference-Us May 25
808,,,New Lead,Lyser.Gagarin@Goabroad.Com,,Go,Abroad,,,,,,,,,,,,,17205701702,,,,,,,,3/30/2026,3/30/2026,,,,,,,,,NAFSA Conference-Us May 25
809,,,New Lead,Bfentress@Csutan.Edu,,Stanislaus,State,,,,,,,,,,,,,2096673395,,,,,,,,3/30/2026,3/30/2026,,,,,,,,,NAFSA Conference-Us May 25
810,,,New Lead,Kkmiller@Csutan.Edu,,Stanislaus,State,,,,,,,,,,,,,2096673407,,,,,,,,3/30/2026,3/30/2026,,,,,,,,,NAFSA Conference-Us May 25
811,,,New Lead,Rwangui@Csudh.Edu,,California,State University,,,,,,,,,,,,,3102433919,,,,,,,,3/30/2026,3/30/2026,,,,,,,,,NAFSA Conference-Us May 25
812,,,New Lead,Aparady@Ciee.Org,,Ciee,,,,,,,,,,,,,,12075534140,,,,,,,,3/30/2026,3/30/2026,,,,,,,,,NAFSA Conference-Us May 25
813,,,New Lead,Hsalhi@Csudh.Edu,,California,State University,,,,,,,,,,,,,3102433786,,,,,,,,3/30/2026,3/30/2026,,,,,,,,,NAFSA Conference-Us May 25
814,,,New Lead,Heidi.Zhang@Csulb.Edu,,California,State University,,,,,,,,,,,,,5629854060,,,,,,,,3/30/2026,3/30/2026,,,,,,,,,NAFSA Conference-Us May 25
815,,,New Lead,Angela.Bethbros@Samoaonline.Ws,,Bbe,,,,,,,,,,,,,,6857133063,,,,,,,,3/30/2026,3/30/2026,,,,,,,,,Seatrade Cruise Global 2025
816,,,New Lead,Mmellaart@Tourvestdm.Com,,Tourvest,,,,,,,,,,,,,,27875512907,,,,,,,,3/30/2026,3/30/2026,,,,,,,,,Seatrade Cruise Global 2025
817,,,New Lead,Kofi.Aggrey@Disney.Com,,Magical,Cruise Company Ltd,,,,,,,,,,,,,4.42082E+11,,,,,,,,3/30/2026,3/30/2026,,,,,,,,,Seatrade Cruise Global 2025
818,,,New Lead,Eyoung@Psaonline.Com,,Psaonline,,,,,,,,,,,,,,8002059464,,,,,,,,3/30/2026,3/30/2026,,,,,,,,,Seatrade Cruise Global 2025
819,,,New Lead,Gilbert.Aggrey@Gta.Gov.Gh,,Ghana,Tourism Authority,,,,,,,,,,,,,2.23303E+11,,,,,,,,3/30/2026,3/30/2026,,,,,,,,,Seatrade Cruise Global 2025
820,,,New Lead,Gifty.Senanu@Gta.Gov.Gh,,Ghana,Tourism Authority,,,,,,,,,,,,,2.33303E+11,,,,,,,,3/30/2026,3/30/2026,,,,,,,,,Seatrade Cruise Global 2025
821,,,New Lead,Beatricec@Silversea.Com,,Silver,Sea,,,,,,,,,,,,,3.30644E+11,,,,,,,,3/30/2026,3/30/2026,,,,,,,,,Seatrade Cruise Global 2025
822,,,New Lead,Clarence.Kweku.Akuamo@Dnv.Com,,Dnv,,,,,,,,,,,,,,15626182718,,,,,,,,3/30/2026,3/30/2026,,,,,,,,,Seatrade Cruise Global 2025
823,,,New Lead,Portcaptain@Schmidtocean.Org,,Schmidt,Ocean Institute,,,,,,,,,,,,,4255474030,,,,,,,,3/30/2026,3/30/2026,,,,,,,,,Seatrade Cruise Global 2025
824,,,New Lead,Debra.Owens@Miamidade.Gov,,Port,Miami,,,,,,,,,,,,,3059605456,,,,,,,,3/30/2026,3/30/2026,,,,,,,,,Seatrade Cruise Global 2025
825,,,New Lead,Sae.Ichikawa@Molgroup.Com,,Mol,Group,,,,,,,,,,,,,8.18078E+11,,,,,,,,3/30/2026,3/30/2026,,,,,,,,,Seatrade Cruise Global 2025
826,,,New Lead,Karanibar@Azamara.Com,,Azamara,Cruises,,,,,,,,,,,,,,,,,,,,,3/30/2026,3/30/2026,,,,,,,,,Seatrade Cruise Global 2025
827,,,New Lead,Sstoterau@Azamara.Com,,Azamara,Cruises,,,,,,,,,,,,,9548549721,,,,,,,,3/30/2026,3/30/2026,,,,,,,,,Seatrade Cruise Global 2025
828,,,New Lead,Madihj@Alizestraval.Com,,Alizes,Travel,,,,,,,,,,,,,2.12522E+11,,,,,,,,3/30/2026,3/30/2026,,,,,,,,,Seatrade Cruise Global 2025
830,,,New Lead,Bmandtmag@Aol.Com,,Black,Meetings & Tourism,,,,,,,,,,,,,8186947830,,,,,,,,3/30/2026,3/30/2026,,,,,,,,,Sales Trip USA March 2024
831,,,New Lead,Info@Awazetours.Com,,Awaze,Tours,,,,,,,,,,,,,2.52E+11,,,,,,,,3/30/2026,3/30/2026,,,,,,,,,Sales Trip USA March 2024
832,,,New Lead,Gwen.Alexander@Newacttravel.Com,,New,Act Travel,,,,,,,,,,,,,3102010808,,,,,,,,3/30/2026,3/30/2026,,,,,,,,,Sales Trip USA March 2024
833,,,New Lead,Hparker@Mosaicrhinotours.Com,,Mosaic,Rhino Tours,,,,,,,,,,,,,8003478282,,,,,,,,3/30/2026,3/30/2026,,,,,,,,,Sales Trip USA March 2024
834,,,New Lead,Daveh@Greatsafaris.Com,,Great,Safaris,,,,,,,,,,,,,8186372007,,,,,,,,3/30/2026,3/30/2026,,,,,,,,,Sales Trip USA March 2024
835,,,New Lead,Jim@Arrangementsabroad.Com,,Arrangements,Abroad,,,,,,,,,,,,,2125148921,,,,,,,,3/30/2026,3/30/2026,,,,,,,,,Sales Trip USA March 2024
836,,,New Lead,Shasson@Arrangementsabroad.Com,,Arrangements,Abroad,,,,,,,,,,,,,8002211944,,,,,,,,3/30/2026,3/30/2026,,,,,,,,,Sales Trip USA March 2024
837,,,New Lead,Sshetty@Arrangementsabroad.Com,,Arrangements,Abroad,,,,,,,,,,,,,2123447493,,,,,,,,3/30/2026,3/30/2026,,,,,,,,,Sales Trip USA March 2024
838,,,New Lead,Ja@Webdmf.Org,,W.E.B,Du Bois Musuem,,,,,,,,,,,,,19176484652,,,,,,,,3/30/2026,3/30/2026,,,,,,,,,Sales Trip USA March 2024
839,,,New Lead,Colin@Alphatravel.Net,,Alpha,Int. Travel,,,,,,,,,,,,,9172878177,,,,,,,,3/30/2026,3/30/2026,,,,,,,,,Sales Trip USA March 2024
840,,,New Lead,Patricia@Alphatravel.Net,,Alpha,Int. Travel,,,,,,,,,,,,,2123392912,,,,,,,,3/30/2026,3/30/2026,,,,,,,,,Sales Trip USA March 2024
841,,,New Lead,Sarad@Pacificholidaysinc.Com,,Pacific,Holidays,,,,,,,,,,,,,2126293888,,,,,,,,3/30/2026,3/30/2026,,,,,,,,,Sales Trip USA March 2024
842,,,New Lead,Sharon@Pacificholidaysinc.Com,,Pacific,Holidays,,,,,,,,,,,,,18003558025,,,,,,,,3/30/2026,3/30/2026,,,,,,,,,Sales Trip USA March 2024
843,,,New Lead,,,San,Diego University,,,,,,,,,,,,,6195943545,,,,,,,,3/30/2026,3/30/2026,,,,,,,,,Sales Trip Canada & USA October 2025
844,,,New Lead,,,San,Diego University,,,,,,,,,,,,,6195941204,,,,,,,,3/30/2026,3/30/2026,,,,,,,,,US Cards
845,,,New Lead,,,Hot,Homes & Appartments,,,,,,,,,,,,,6469198167,,,,,,,,3/30/2026,3/30/2026,,,,,,,,,US Cards
846,,,New Lead,,,Absa,Black Star Marathon,,,,,,,,,,,,,12058215460,,,,,,,,3/30/2026,3/30/2026,,,,,,,,,Sales Trip USA September2024
847,,,New Lead,,,Absa,Black Star Marathon,,,,,,,,,,,,,2.33245E+11,,,,,,,,3/30/2026,3/30/2026,,,,,,,,,Sales Trip USA September2024
848,,,New Lead,,,Hampton,University,,,,,,,,,,,,,7577286698,,,,,,,,3/30/2026,3/30/2026,,,,,,,,,Sales Trip USA September2024
850,,,Customer,Legal@Abroadscope.Co.Za,,Visas,Abroad,,,,,,,,,,,,,214956227,,,,,,,,3/30/2026,3/30/2026,,,,,,,,,WTM London 2024
851,,,Customer,Raghunath.K@Riya.Travel,,Riya-,The Travel Expert,,,,,,,,,,,,,9.18291E+11,,,,,,,,3/30/2026,3/30/2026,,,,,,,,,WTM London 2024
852,,,Customer,Jamesb@Noble-Caledonia.Co.Uk,,Noble,Caledonia,,,,,,,,,,,,,4.42078E+11,,,,,,,,3/30/2026,3/30/2026,,,,,,,,,WTM London 2024
853,,,Customer,Rebecca@Noble-Caledonia.Co.Uk,,Noble,Caledonia,,,,,,,,,,,,,4.42078E+11,,,,,,,,3/30/2026,3/30/2026,,,,,,,,,WTM London 2024
854,,,Customer,Bkanana@Flyboskies.Com,,Z.,Boskovic Air Charters Ltd,,,,,,,,,,,,,2.54708E+11,,,,,,,,3/30/2026,3/30/2026,,,,,,,,,WTM London 2024
855,,,Customer,Jburton@Workingtravelgroup.Com,,Working,Travel Group,,,,,,,,,,,,,4.47884E+11,,,,,,,,3/30/2026,3/30/2026,,,,,,,,,WTM London 2024
856,,,Customer,Candice@Visasabroad.Co.Za,,Visas,Abroad,,,,,,,,,,,,,27815675588,,,,,,,,3/30/2026,3/30/2026,,,,,,,,,WTM London 2024
857,,,Customer,Reservations@Zhatravels.Com,,Zaha,Travels,,,,,,,,,,,,,9607683030,,,,,,,,3/30/2026,3/30/2026,,,,,,,,,WTM London 2024
858,,,Customer,Magdalena.Wiazek@Itaka.Pl,,Itaka,,,,,,,,,,,,,,48885992290,,,,,,,,3/30/2026,3/30/2026,,,,,,,,,WTM London 2024
859,,,Customer,Rahul@Calindia.Travel,,Cal,India Travel,,,,,,,,,,,,,9.19412E+11,,,,,,,,3/30/2026,3/30/2026,,,,,,,,,WTM London 2024
860,,,New Lead,Info@Distant-Horizons.Com.Mt,,Distant,Horizons Ltd,,,,,,,,,,,,,35679999941,,35679999941,,,,,,3/30/2026,3/30/2026,,,,,,,,,WTM London 2024
861,,,Customer,Ian@Questvoyager.Com,,Quest,Voyager,,,,,,,,,,,,,18889869225,,,,,,,,3/30/2026,3/30/2026,,,,,,,,,WTM London 2024
862,,,Customer,Melanie@Adventureskw.Com,,Adventures,Kuwait,,,,,,,,,,,,,96522412023,,,,,,,,3/30/2026,3/30/2026,,,,,,,,,WTM London 2024
863,,,Customer,Sales@Brown-Hillchauffeurs.Uk,,Brown,Hill,,,,,,,,,,,,,4.47362E+11,,,,,,,,3/30/2026,3/30/2026,,,,,,,,,WTM London 2024
864,,,Customer,Asaworldwidetravel@Outlook.Com,,A.S.A,Worldwide Travel,,,,,,,,,,,,,7956412570,,,,,,,,3/30/2026,3/30/2026,,,,,,,,,WTM London 2024
865,,,Customer,Sheri@Ansjourneys.Com,,A&S,Journeys,,,,,,,,,,,,,18442520415,,,,,,,,3/30/2026,3/30/2026,,,,,,,,,WTM London 2024
866,,,Customer,Katia@Baiana.Com,,Baiana,,,,,,,,,,,,,,39055242025,,,,,,,,3/30/2026,3/30/2026,,,,,,,,,WTM London 2024
867,,,Customer,Info@Mmtravel.Bg,,Mm,Travel,,,,,,,,,,,,,35929803505,,,,,,,,3/30/2026,3/30/2026,,,,,,,,,WTM London 2024
868,,,Customer,Director@Cherryblossomholidays.Co.In,,Cherry,Blossoms Holidays,,,,,,,,,,,,,9.19756E+11,,,,,,,,3/30/2026,3/30/2026,,,,,,,,,WTM London 2024
869,,,Customer,Nanadomtiekwakye@Gmail.Com,,Golden,Beach Hotels,,,,,,,,,,,,,2.33302E+11,,,,,,,,3/30/2026,3/30/2026,,,,,,,,,WTM London 2024
870,,,Customer,Info@Travelgateway.It,,Travel,Gateway,,,,,,,,,,,,,3.93357E+11,,,,,,,,3/30/2026,3/30/2026,,,,,,,,,WTM London 2024
871,,,Customer,Bekoni@Masailandsafari.Com,,Masailand,,,,,,,,,,,,,,2.55713E+11,,,,,,,,3/30/2026,3/30/2026,,,,,,,,,WTM London 2024
872,,,Customer,Mohit.Khosla@Cultureholidays.Com,,Culture,Holidays,,,,,,,,,,,,,31636075514,,,,,,,,3/30/2026,3/30/2026,,,,,,,,,WTM London 2024
873,,,Customer,Info@Thebaliresortzanzibar.Com,,Bali,Resort,,,,,,,,,,,,,,,,,,,,,3/30/2026,3/30/2026,,,,,,,,,WTM London 2024
874,,,Customer,Marta@Canalgrandejet.Com,,Canal,Grand Jet,,,,,,,,,,,,,3.93273E+11,,,,,,,,3/30/2026,3/30/2026,,,,,,,,,WTM London 2024
875,,,Customer,Franklin@Ma360Live.Com,,Excelsior,,,,,,,,,,,,,,4042194380,,,,,,,,3/30/2026,3/30/2026,,,,,,,,,WTM London 2024
876,,,Customer,Zara@Londonviptravel.Com,,London,Vip Travel,,,,,,,,,,,,,4.47832E+11,,,,,,,,3/30/2026,3/30/2026,,,,,,,,,WTM London 2024
877,,,Customer,Hughie.Rose@Uw.Partners,,Aga,Tours,,,,,,,,,,,,,7940081651,,,,,,,,3/30/2026,3/30/2026,,,,,,,,,WTM London 2024
879,,,Customer,Ksaskovets@Smscruises.Com,,Sms,Cruises,,,,,,,,,,,,,13052903000,,,,,,,,3/30/2026,3/30/2026,,,,,,,,,Seatrade Cruise Global 2025
880,,,Customer,Grant.Holmes@Iss-Shipping.Com,,Inchcape,Shipping Services,,,,,,,,,,,,,97143038500,,,,,,,,3/30/2026,3/30/2026,,,,,,,,,Seatrade Cruise Global 2025
881,,,Customer,Claudius.Docekal@Scenicusa.Com,,Scenic:,Luxury Cruises & Tours,,,,,,,,,,,,,7547360943,,,,,,,,3/30/2026,3/30/2026,,,,,,,,,Seatrade Cruise Global 2025
882,,,Customer,Ploughrin@Rccl.Com,,Club,Med,,,,,,,,,,,,,3055396802,,,,,,,,3/30/2026,3/30/2026,,,,,,,,,Seatrade Cruise Global 2025
883,,,Customer,Jscott1@Carnival.Com,,Carnival,Corporation & Plc,,,,,,,,,,,,,3053013971,,,,,,,,3/30/2026,3/30/2026,,,,,,,,,Seatrade Cruise Global 2025
884,,,Customer,Sdetracy@Ponant.Com,,Ponant,,,,,,,,,,,,,,33649115363,,,,,,,,3/30/2026,3/30/2026,,,,,,,,,Seatrade Cruise Global 2025
885,,,Customer,Contact@Seeatsea.Fr,,See,At Sea,,,,,,,,,,,,,5.9069E+11,,,,,,,,3/30/2026,3/30/2026,,,,,,,,,Seatrade Cruise Global 2025
886,,,Customer,Carmenm@Silversea.Com,,Silver,Sea,,,,,,,,,,,,,9545224477,,,,,,,,3/30/2026,3/30/2026,,,,,,,,,Seatrade Cruise Global 2025
887,,,Customer,Jane@Emergingdestinations.Com,,Emerging,Destinations,,,,,,,,,,,,,14049936118,,,,,,,,3/30/2026,3/30/2026,,,,,,,,,Seatrade Cruise Global 2025
888,,,Customer,Jeff@Wrmi.Net,,Wrmi,,,,,,,,,,,,,,13055599764,,,,,,,,3/30/2026,3/30/2026,,,,,,,,,Seatrade Cruise Global 2025
889,,,New Lead,Info@Gashtvan.Com,,Gashtvan,,,,,,,,,,,,,,,,9644482058,,,,,,3/30/2026,3/30/2026,,,,,,,,,ITB Berlin 2023
890,,,New Lead,Info@Livingstone.Cz,,Livingstone,,,,,,,,,,,,,,,,4.20542E+11,,,,,,3/30/2026,3/30/2026,,,,,,,,,ITB Berlin 2023
891,,,New Lead,Anna.Molander-Bry@Messukeskus.Com,,Matka,,,,,,,,,,,,,,,,3.58408E+11,,,,,,3/30/2026,3/30/2026,,,,,,,,,ITB Berlin 2023
892,,,New Lead,Info@Mhukahurutours.Com,,The,Mhukahuru Collection,,,,,,,,,,,,,,,4.47477E+11,,,,,,3/30/2026,3/30/2026,,,,,,,,,ITB Berlin 2023
893,,,New Lead,K.Bakker@Srctravel.Nl,,Src,,,,,,,,,,,,,,,,31503663205,,,,,,3/30/2026,3/30/2026,,,,,,,,,ITB Berlin 2023
894,,,New Lead,Justyna.Kepsa@Flowafrica.Pl,,Flow,Africa,,,,,,,,,,,,,,,48503959065,,,,,,3/30/2026,3/30/2026,,,,,,,,,ITB Berlin 2023
895,,,New Lead,Riza.Durdu@Istanbulmedassist.Com,,Istanbul,Med Assist,,,,,,,,,,,,,,,9.05323E+11,,,,,,3/30/2026,3/30/2026,,,,,,,,,ITB Berlin 2023
896,,,New Lead,Shei@Ansjourneys.Com,,A,& S Signature Journeys,,,,,,,,,,,,,,,8442520415,,,,,,3/30/2026,3/30/2026,,,,,,,,,ITB Berlin 2023
897,,,New Lead,Michal.Stefanowski@Explore360.Pl,,Explore,360,,,,,,,,,,,,,,,48508383588,,,,,,3/30/2026,3/30/2026,,,,,,,,,ITB Berlin 2023
898,,,New Lead,Francis.Dick@Kenya-Airways.Com,,Kenya,Airways,,,,,,,,,,,,,,,2.33307E+11,,,,,,3/30/2026,3/30/2026,,,,,,,,,ITB Berlin 2023
899,,,New Lead,Dinaaduowusu@Yahoo.Com,,Ghana,Tourism Authority,,,,,,,,,,,,,,,2.33342E+11,,,,,,3/30/2026,3/30/2026,,,,,,,,,ITB Berlin 2023
900,,,New Lead,Maxwell.Nyarko@Mfa.Gov.Gh,,Embassy,Of Ghana In Germany,,,,,,,,,,,,,,,4.93055E+11,,,,,,3/30/2026,3/30/2026,,,,,,,,,ITB Berlin 2023
901,,,New Lead,Reina.Sackey@Mfa.Gov.Gh,,Embassy,Of Ghana In Germany,,,,,,,,,,,,,,,4.93055E+11,,,,,,3/30/2026,3/30/2026,,,,,,,,,ITB Berlin 2023
902,,,New Lead,Gaysi@Labadibeachhotelgh.Com,,Labadi,Beach Hotel,,,,,,,,,,,,,,,2.33303E+11,,,,,,3/30/2026,3/30/2026,,,,,,,,,ITB Berlin 2023
903,,,New Lead,Jana.Rostowski@Gate-To-Africa.De,,Gate,To Africa,,,,,,,,,,,,,,,4.93012E+11,,,,,,3/30/2026,3/30/2026,,,,,,,,,ITB Berlin 2023
904,,,New Lead,Info@Gate-To-Africa.De,,Gate,To Africa,,,,,,,,,,,,,,,4.91766E+12,,,,,,3/30/2026,3/30/2026,,,,,,,,,ITB Berlin 2023
905,,,New Lead,Safaris@Africanadventure.Co.Ke,,African,Adventure,,,,,,,,,,,,,,,2.54734E+11,,,,,,3/30/2026,3/30/2026,,,,,,,,,ITB Berlin 2023
906,,,New Lead,Murad@Skygatetours.Net,,Sky,Gate,,,,,,,,,,,,,,,96265699920,,,,,,3/30/2026,3/30/2026,,,,,,,,,ITB Berlin 2023
907,,,New Lead,Ania@Anitour.Pl,,Anit,Tour,,,,,,,,,,,,,,,48322155225,,,,,,3/30/2026,3/30/2026,,,,,,,,,ITB Berlin 2023
908,,,New Lead,Afom@Westonhotel.Com,,Weston,Hotel,,,,,,,,,,,,,,,2.5471E+11,,,,,,3/30/2026,3/30/2026,,,,,,,,,ITB Berlin 2023
909,,,New Lead,Franek@Anitour.Pl,,Anit,Tour,,,,,,,,,,,,,,,48601475120,,,,,,3/30/2026,3/30/2026,,,,,,,,,ITB Berlin 2023
910,,,New Lead,Info@Xtreme-Travel.Com,,Xtreme,Travel,,,,,,,,,,,,,,,20224192881,,,,,,3/30/2026,3/30/2026,,,,,,,,,ITB Berlin 2023
911,,,New Lead,Amanda@Focusedescapes.Com,,Focused,Escapes,,,,,,,,,,,,,,,2.12666E+11,,,,,,3/30/2026,3/30/2026,,,,,,,,,ITB Berlin 2023
912,,,New Lead,At@Evinta.Com,,Evintra,,,,,,,,,,,,,,,,4.91512E+12,,,,,,3/30/2026,3/30/2026,,,,,,,,,ITB Berlin 2023
913,,,New Lead,Khaled@Onewaytourseg.Com,,One,Way Tours,,,,,,,,,,,,,,,223956180,,,,,,3/30/2026,3/30/2026,,,,,,,,,ITB Berlin 2023
914,,,New Lead,Hossamhazzaa@Egyptiantravelmakers.Com,,Egyptian,Travel Makers,,,,,,,,,,,,,,,2.01002E+11,,,,,,3/30/2026,3/30/2026,,,,,,,,,ITB Berlin 2023
915,,,New Lead,T.Hannemann@Travelmarketing.De,,Sierra,Leon Nation Tourist Board,,,,,,,,,,,,,,,21186842592,,,,,,3/30/2026,3/30/2026,,,,,,,,,ITB Berlin 2023
916,,,New Lead,Info@Travelafricatours.Com,,Travel,Tours Africa,,,,,,,,,,,,,,,2.5197E+11,,,,,,3/30/2026,3/30/2026,,,,,,,,,ITB Berlin 2023
917,,,New Lead,Pawel@Holidaytours.Com.Pl,,Holiday,Tours,,,,,,,,,,,,,,,48426303007,,,,,,3/30/2026,3/30/2026,,,,,,,,,ITB Berlin 2023
918,,,New Lead,Adelbert@Tdtaveltech.Com,,Touch,Down: Travel Tech,,,,,,,,,,,,,,,828534043,,,,,,3/30/2026,3/30/2026,,,,,,,,,ITB Berlin 2023
919,,,New Lead,Info@Plantours-Kreuzfahrten.De,,Plantours,Kreuzfahrten,,,,,,,,,,,,,,,421173690,,,,,,3/30/2026,3/30/2026,,,,,,,,,ITB Berlin 2023
920,,,New Lead,Vcamusot@Raileurope.Com,,Rail,Europe,,,,,,,,,,,,,,,33646610882,,,,,,3/30/2026,3/30/2026,,,,,,,,,ITB Berlin 2023
921,,,New Lead,Tours@Studiosus.Com,,Studiosus,,,,,,,,,,,,,,,,,,,,,,3/30/2026,3/30/2026,,,,,,,,,ITB Berlin 2023
922,,,New Lead,Rezzan@Clinicdavinci.Com,,Clinic,Davinci,,,,,,,,,,,,,,,9.02127E+11,,,,,,3/30/2026,3/30/2026,,,,,,,,,ITB Berlin 2023
923,,,New Lead,Gencay.Gudul@Dunyadegiseden.Com,,Dunya,Degismeden,,,,,,,,,,,,,,,9.02123E+11,,,,,,3/30/2026,3/30/2026,,,,,,,,,ITB Berlin 2023
924,,,New Lead,Ssearing@Adventures-Abroad.Com,,Adentures,Abroad,,,,,,,,,,,,,,,6042420949,,,,,,3/30/2026,3/30/2026,,,,,,,,,ITB Berlin 2023
925,,,New Lead,Tours@Safariseekersafrica.Com,,Safari,Seekers,,,,,,,,,,,,,,,2.54734E+11,,,,,,3/30/2026,3/30/2026,,,,,,,,,ITB Berlin 2023
926,,,New Lead,Youse@Onlyone.Travel,,Only,One Travel,,,,,,,,,,,,,,,2.54795E+11,,,,,,3/30/2026,3/30/2026,,,,,,,,,ITB Berlin 2023
927,,,New Lead,Cath@Onlyone.Travel,,Only,One Travel,,,,,,,,,,,,,,,,,,,,,3/30/2026,3/30/2026,,,,,,,,,ITB Berlin 2023
928,,,New Lead,P.Encinas@Geoplan.Net,,Geoplan,,,,,,,,,,,,,,,,4.98975E+11,,,,,,3/30/2026,3/30/2026,,,,,,,,,ITB Berlin 2023
929,,,New Lead,Ra.Azouaou@Cibachrome-Global.Com,,Cibachrome,Travel,,,,,,,,,,,,,,,2.13661E+11,,,,,,3/30/2026,3/30/2026,,,,,,,,,ITB Berlin 2023
930,,,New Lead,Victor@Marko-Tours.Com,,Marko,Tours,,,,,,,,,,,,,,,9.72524E+11,,,,,,3/30/2026,3/30/2026,,,,,,,,,ITB Berlin 2023
931,,,New Lead,Firat.Gedikli@Radissonindividuals.Com,,Royan,Hotels,,,,,,,,,,,,,,,9.02129E+11,,,,,,3/30/2026,3/30/2026,,,,,,,,,ITB Berlin 2023
932,,,New Lead,Info@Stejostours.Com,,Stejos,Tours And Travels,,,,,,,,,,,,,,,2.5473E+11,,,,,,3/30/2026,3/30/2026,,,,,,,,,ITB Berlin 2023
933,,,New Lead,Himal@Vistabroadtravels.Com.Np,,Visit,Abroad,,,,,,,,,,,,,,,9.77986E+12,,,,,,3/30/2026,3/30/2026,,,,,,,,,ITB Berlin 2023
934,,,New Lead,Jochen@Spice-Collection.Com,,Spice,Collection,,,,,,,,,,,,,,,4.98945E+11,,,,,,3/30/2026,3/30/2026,,,,,,,,,ITB Berlin 2023
935,,,New Lead,Info@Africantours.Com,,Ashanti,African Tours,,,,,,,,,,,,,,,4.47842E+11,,,,,,3/30/2026,3/30/2026,,,,,,,,,ITB Berlin 2023
936,,,New Lead,Alain@Saintange.Com.Au,,Saint,Ange,,,,,,,,,,,,,,,2482515615,,,,,,3/30/2026,3/30/2026,,,,,,,,,ITB Berlin 2023
937,,,New Lead,Tourism@Novatour.Cv,,Nova,Tour,,,,,,,,,,,,,4.47917E+11,,,,,,,,3/30/2026,3/30/2026,,,,,,,,,WTM London 2023
938,,,New Lead,C_Lengua402@Gmt.Jtb.Jp,,Jbt,Group- Marketing,,,,,,,,,,,,,81357965431,,,,,,,,3/30/2026,3/30/2026,,,,,,,,,WTM London 2023
939,,,New Lead,Mahalia@Toureast.Net,,Tour,East Indonesia,,,,,,,,,,,,,62361701996,,,,,,,,3/30/2026,3/30/2026,,,,,,,,,WTM London 2023
940,,,New Lead,Eamadeus.My@Toureast.Net,,Tour,East- Japan Travel Bureau,,,,,,,,,,,,,60321489800,,,,,,,,3/30/2026,3/30/2026,,,,,,,,,WTM London 2023
941,,,New Lead,Sales@Uimaldives.Com,,Uimaldives,,,,,,,,,,,,,,9607792522,,,,,,,,3/30/2026,3/30/2026,,,,,,,,,WTM London 2023
942,,,New Lead,Ajit@Butterflyvacation.Com,,Butterfly,Vacation,,,,,,,,,,,,,94777121777,,,,,,,,3/30/2026,3/30/2026,,,,,,,,,WTM London 2023
943,,,New Lead,Mlazazzara@Europeincoming.It,,Europe,Incoming,,,,,,,,,,,,,39065885137,,,,,,,,3/30/2026,3/30/2026,,,,,,,,,WTM London 2023
944,,,New Lead,James@Europeincoming.Co.Uk,,Europe,Incoming,,,,,,,,,,,,,4.41507E+11,,,,,,,,3/30/2026,3/30/2026,,,,,,,,,WTM London 2023
945,,,New Lead,Dylan@Europeincoming.Co.Uk,,Europe,Incoming,,,,,,,,,,,,,4.42038E+11,,,,,,,,3/30/2026,3/30/2026,,,,,,,,,WTM London 2023
946,,,New Lead,Vanessa.Kessler@Traveleurope.Cc,,Travel,Europe,,,,,,,,,,,,,4.35243E+13,,,,,,,,3/30/2026,3/30/2026,,,,,,,,,WTM London 2023
947,,,New Lead,Steve@Trunk-Travel.Com,,Trunk,Travel,,,,,,,,,,,,,66922729092,,,,,,,,3/30/2026,3/30/2026,,,,,,,,,WTM London 2023
948,,,New Lead,Gm@Goldentulipzanzibaraiport.Com,,Golden,Tulip,,,,,,,,,,,,,2.55777E+11,,,,,,,,3/30/2026,3/30/2026,,,,,,,,,WTM London 2023
949,,,New Lead,Dominic@Toureast.Net,,Tour,East Singapore,,,,,,,,,,,,,6591133214,,,,,,,,3/30/2026,3/30/2026,,,,,,,,,WTM London 2023
950,,,New Lead,Staffan@Europeincoming.Co.Uk,,Europe,Incoming,,,,,,,,,,,,,4.4209E+11,,,,,,,,3/30/2026,3/30/2026,,,,,,,,,WTM London 2023
951,,,New Lead,Abdullah@88Destinations.Com,,88Destinations,,,,,,,,,,,,,,9.66554E+11,,,,,,,,3/30/2026,3/30/2026,,,,,,,,,WTM London 2023
952,,,New Lead,Rony.Nolasco@Mayasky.Com.Gt,,Maya,Sky,,,,,,,,,,,,,50222080222,,,,,,,,3/30/2026,3/30/2026,,,,,,,,,WTM London 2023
953,,,New Lead,Karolina@Asiabespoketours.Com,,Asia,Bespoke Travel & Tour,,,,,,,,,,,,,4.20721E+11,,,,,,,,3/30/2026,3/30/2026,,,,,,,,,WTM London 2023
954,,,New Lead,Jelena.Ljubisic@Elite.Hr,,Elite,Travel,,,,,,,,,,,,,38520358802,,,,,,,,3/30/2026,3/30/2026,,,,,,,,,WTM London 2023
955,,,New Lead,Sakura.Nakagawa@Rxglobal.Com,,Int'L,Wellness Tourism Expo,,,,,,,,,,,,,8.17016E+11,,,,,,,,3/30/2026,3/30/2026,,,,,,,,,WTM London 2023
956,,,New Lead,Corneliadanso@Gmail.Com,,Forestry,Comission Ghana,,,,,,,,,,,,,2.33302E+11,,,,,,,,3/30/2026,3/30/2026,,,,,,,,,WTM London 2023
958,,,New Lead,Riyal@Whynotsl.Lk,,Why,Not,,,,,,,,,,,,,94760555205,,,,,,,,3/30/2026,3/30/2026,,,,,,,,,WTM London 2022
959,,,New Lead,Info@Patelotravels.Com,,Patelo,,,,,,,,,,,,,,8088317778,,,,,,,,3/30/2026,3/30/2026,,,,,,,,,WTM London 2022
960,,,New Lead,Urbanologysystems@Gmail.Com,,Urbanology,Systems,,,,,,,,,,,,,6463296727,,,,,,,,3/30/2026,3/30/2026,,,,,,,,,WTM London 2022
961,,,New Lead,Dreamcatchertravel2@Yahoo.Com,,Dreamcatcher,Travel,,,,,,,,,,,,,8452320602,,,,,,,,3/30/2026,3/30/2026,,,,,,,,,WTM London 2022
962,,,New Lead,Brunoteixeira@Blumar.Com.Br,,Blumar,,,,,,,,,,,,,,5.52121E+11,,,,,,,,3/30/2026,3/30/2026,,,,,,,,,WTM London 2022
963,,,New Lead,Diana@Vertofx.Com,,Verta,,,,,,,,,,,,,,4.47949E+11,,,,,,,,3/30/2026,3/30/2026,,,,,,,,,WTM London 2022
964,,,New Lead,Ana@Javanahtravel.Com,,Javanah,,,,,,,,,,,,,,4.47404E+11,,,,,,,,3/30/2026,3/30/2026,,,,,,,,,WTM London 2022
965,,,New Lead,Ben@Novatrip.Com,,Trova,Trip,,,,,,,,,,,,,17274038005,,,,,,,,3/30/2026,3/30/2026,,,,,,,,,WTM London 2022
966,,,New Lead,Spencer.Jones@Vaanyc.Com,,Villas,And Apartments Abroad,,,,,,,,,,,,,2122136435,,,,,,,,3/30/2026,3/30/2026,,,,,,,,,WTM London 2022
967,,,New Lead,Dchanner@Javitscenter.Com,,Jacob,Javits Convention Center,,,,,,,,,,,,,2122162373,,,,,,,,3/30/2026,3/30/2026,,,,,,,,,WTM London 2022
968,,,New Lead,Colleenfinnegan@Ivymags.Com,,Ivy,League Magazine Network,,,,,,,,,,,,,9083911612,,,,,,,,3/30/2026,3/30/2026,,,,,,,,,WTM London 2022
969,,,New Lead,Kwaku@Primeplanit.Com,,Prime,Planit,,,,,,,,,,,,,4.47905E+11,,,,,,,,3/30/2026,3/30/2026,,,,,,,,,WTM London 2022
970,,,New Lead,Amanda@Mandalaworldtravel.Com,,Mandala,World Travel,,,,,,,,,,,,,4.4773E+11,,,,,,,,3/30/2026,3/30/2026,,,,,,,,,WTM London 2022
971,,,New Lead,Eyad@Betravel.Jo,,Betravel,,,,,,,,,,,,,,9.62799E+11,,,,,,,,3/30/2026,3/30/2026,,,,,,,,,WTM London 2022
972,,,New Lead,Shukuru@Bornparkadventures.Com,,Bornpark,Adventures,,,,,,,,,,,,,2.55767E+11,,,,,,,,3/30/2026,3/30/2026,,,,,,,,,WTM London 2022
973,,,New Lead,Kevin.Kulik@Smartwings.Com,,Smart,Wings,,,,,,,,,,,,,4.20724E+11,,,,,,,,3/30/2026,3/30/2026,,,,,,,,,WTM London 2022
974,,,New Lead,Info@Airjara.Com,,Air,Jara,,,,,,,,,,,,,2.34907E+12,,,,,,,,3/30/2026,3/30/2026,,,,,,,,,WTM London 2022
975,,,New Lead,Cn@Africantourismboard.Africa,,African,Tourism Board,,,,,,,,,,,,,2.70818E+11,,,,,,,,3/30/2026,3/30/2026,,,,,,,,,WTM London 2022
976,,,New Lead,E.Magictravelbiz@Gmail.Com,,Magic,Travel,,,,,,,,,,,,,6313450208,,,,,,,,3/30/2026,3/30/2026,,,,,,,,,WTM London 2022
977,,,New Lead,Nora.Demiri@Trip-Arc.Com,,Trip-Arc,,,,,,,,,,,,,,16479438998,,,,,,,,3/30/2026,3/30/2026,,,,,,,,,WTM London 2022
978,,,New Lead,Helen..Giontsis@Kensingtontours.Com,,Kensignton,Tours,,,,,,,,,,,,,4162943472,,,,,,,,3/30/2026,3/30/2026,,,,,,,,,WTM London 2022
979,,,New Lead,S.Omar@Topflighttour.Com,,Top,Flight,,,,,,,,,,,,,77059782515,,,,,,,,3/30/2026,3/30/2026,,,,,,,,,WTM London 2022
980,,,New Lead,Scolony@Gmail.Com,,Personalised,Odysseys,,,,,,,,,,,,,2127658800,,,,,,,,3/30/2026,3/30/2026,,,,,,,,,WTM London 2022
981,,,New Lead,Cmcann@Oattravel.Com,,Grand,Circle Corporation,,,,,,,,,,,,,4.41295E+11,,,,,,,,3/30/2026,3/30/2026,,,,,,,,,WTM London 2022
982,,,New Lead,Cultour@Prmail.Net,,Cultour,Travel,,,,,,,,,,,,,7874542025,,,,,,,,3/30/2026,3/30/2026,,,,,,,,,WTM London 2022
983,,,New Lead,Sherin.Koussa@Ipctravel.Com,,Ipc,Travel,,,,,,,,,,,,,23280911911,,,,,,,,3/30/2026,3/30/2026,,,,,,,,,WTM London 2022
984,,,New Lead,Karen.Dawney@Fredolsen.Co.Uk,,Fred,Olsen Cruise Lines,,,,,,,,,,,,,4.47909E+11,,,,,,,,3/30/2026,3/30/2026,,,,,,,,,WTM London 2022
985,,,New Lead,Pbriata@Worldstrides.Org,,Worldstrides,,,,,,,,,,,,,,16172106155,,,,,,,,3/30/2026,3/30/2026,,,,,,,,,WTM London 2022
986,,,New Lead,Ajmal@Alhindonline.Com,,Alhind,Tours & Travel,,,,,,,,,,,,,9.19312E+11,,,,,,,,3/30/2026,3/30/2026,,,,,,,,,WTM London 2022
987,,,New Lead,Bolaji@Socialifechicago.Com,,Social,Life Chicago,,,,,,,,,,,,,8479713814,,,,,,,,3/30/2026,3/30/2026,,,,,,,,,WTM London 2022
988,,,New Lead,Etta1161@Gmail.Com,,Intele,Travel,,,,,,,,,,,,,19174476522,,,,,,,,3/30/2026,3/30/2026,,,,,,,,,WTM London 2022
989,,,New Lead,Sales@Brisktravels.Com,,Brisk,Travel,,,,,,,,,,,,,2.34703E+12,,,,,,,,3/30/2026,3/30/2026,,,,,,,,,WTM London 2022
990,,,New Lead,Olabaftravels@Gmail.Com,,Olabaf,Travel,,,,,,,,,,,,,8073773070,,,,,,,,3/30/2026,3/30/2026,,,,,,,,,WTM London 2022
991,,,New Lead,Robin@Cansaf.Com,,Cansaf,,,,,,,,,,,,,,2.63772E+11,,,,,,,,3/30/2026,3/30/2026,,,,,,,,,WTM London 2022
992,,,New Lead,Aquamarine.Travels@Gmail.Com,,Aquamarine,Travels,,,,,,,,,,,,,3.53852E+11,,,,,,,,3/30/2026,3/30/2026,,,,,,,,,WTM London 2022
993,,,New Lead,Mohammed@Airportpasses.Com,,Aiport,Passes,,,,,,,,,,,,,96551251217,,,,,,,,3/30/2026,3/30/2026,,,,,,,,,WTM London 2022
994,,,New Lead,Bwesdrop@Nekoship.Nl,,Neko,Ship Supply,,,,,,,,,,,,,3162345558,,,,,,,,3/30/2026,3/30/2026,,,,,,,,,CLIA Summit 2026
995,,,New Lead,Piet.Vandernkerhove@Portofantwerpbruges.Com,,Antwerp-Bruges,Port Authority,,,,,,,,,,,,,3250543211,,,,,,,,3/30/2026,3/30/2026,,,,,,,,,CLIA Summit 2026
996,,,New Lead,Benjamin.Mueller@Aida.De,,Aida,,,,,,,,,,,,,,4.91516E+11,,,,,,,,3/30/2026,3/30/2026,,,,,,,,,CLIA Summit 2026
997,,,New Lead,Generalmanager@Fonasba.Com,,Fonasba,,,,,,,,,,,,,,4.48E+11,,,,,,,,3/30/2026,3/30/2026,,,,,,,,,CLIA Summit 2026
998,,,New Lead,Jukka.Haarni@Portofhelsinki.Fi,,Port,Of Helnski,,,,,,,,,,,,,35840635439,,,,,,,,3/30/2026,3/30/2026,,,,,,,,,CLIA Summit 2026
999,,,New Lead,Fayan@Ayanconsulting.Com,,Ayan,,,,,,,,,,,,,,,,,,,,,,3/30/2026,3/30/2026,,,,,,,,,CLIA Summit 2026
1000,,,New Lead,Sophie.Joycelyn@Iss-Shipping.Com,,Inchcape,Shipping Services,,,,,,,,,,,,,4.42E+11,,,,,,,,3/30/2026,3/30/2026,,,,,,,,,CLIA Summit 2026
1001,,,New Lead,Robin.Merus@Evac.Com,,Evac,Group,,,,,,,,,,,,,35840583362,,,,,,,,3/30/2026,3/30/2026,,,,,,,,,CLIA Summit 2026
1002,,,New Lead,Imm@Oslohavn.No,,Port,Of Oslo,,,,,,,,,,,,,4799740050,,,,,,,,3/30/2026,3/30/2026,,,,,,,,,CLIA Summit 2026
1003,,,New Lead,Antoniobelmar@Agepor.Pt,,Agepor,,,,,,,,,,,,,,3.51E+11,,,,,,,,3/30/2026,3/30/2026,,,,,,,,,CLIA Summit 2026
1004,,,New Lead,Marie.Blitza@Carnival-Maritime.Com,,Carnival,Martime,,,,,,,,,,,,,4.94E+13,,,,,,,,3/30/2026,3/30/2026,,,,,,,,,CLIA Summit 2026
1005,,,New Lead,A.Antunes@Intercruises.Com,,Intercruises,,,,,,,,,,,,,,3.52E+12,,,,,,,,3/30/2026,3/30/2026,,,,,,,,,CLIA Summit 2026
1006,,,New Lead,Noorhtamim@Avionova.Tech,,Avionova,Tech,,,,,,,,,,,,,16147175048,,,,,,,,3/30/2026,3/30/2026,,,,,,,,,CLIA Summit 2026
1007,,,New Lead,Sam.Lindley@Disney.Com,,Disney,,,,,,,,,,,,,,,,,,,,,,3/30/2026,3/30/2026,,,,,,,,,CLIA Summit 2026
1008,,,New Lead,Fiona.Noone@Tui.Co.Uk,,Tui,,,,,,,,,,,,,,4.48E+11,,,,,,,,3/30/2026,3/30/2026,,,,,,,,,CLIA Summit 2026
1009,,,New Lead,K.Sommer@Swiftmarine.Global,,Swift,Marine,,,,,,,,,,,,,4530890311,,,,,,,,3/30/2026,3/30/2026,,,,,,,,,CLIA Summit 2026
1010,,,New Lead,Mwestphal@Adelte.Com,,Adelte,,,,,,,,,,,,,,3462039589,,,,,,,,3/30/2026,3/30/2026,,,,,,,,,CLIA Summit 2026
1011,,,New Lead,Nwammenjensen@Cruising.Org,,Clia,,,,,,,,,,,,,,32488151419,,,,,,,,3/30/2026,3/30/2026,,,,,,,,,CLIA Summit 2026
1012,,,New Lead,Email,Prefix,First Name,Last Name,,,,,,,,,,,,,Telephone,,,,,,,,3/30/2026,3/30/2026,,,,,,,,,ITB Berlin 2026
1013,,,New Lead,Aninda.Mondal@Indtoday.Com,,India,Today,,,,,,,,,,,,,9.11205E+11,,,,,,,,3/30/2026,3/30/2026,,,,,,,,,ITB Berlin 2026
1014,,,New Lead,Ppblinfo@Parkplazagermany.Com,,Park,Plza Berlin,,,,,,,,,,,,,4.93089E+11,,,,,,,,3/30/2026,3/30/2026,,,,,,,,,ITB Berlin 2026
1015,,,New Lead,Info@Goldmann-Touristik.De,,Goldman,Touristik,,,,,,,,,,,,,4961892797,,,,,,,,3/30/2026,3/30/2026,,,,,,,,,ITB Berlin 2026
1016,,,New Lead,Reinhard-Springer@Tandila-Travel.Com,,Tandila,Travel Gmb,,,,,,,,,,,,,49173932112,,,,,,,,3/30/2026,3/30/2026,,,,,,,,,ITB Berlin 2026
1017,,,New Lead,David.Lehner@Eurotours.At,,Euro,Tours,,,,,,,,,,,,,4.36646E+11,,,,,,,,3/30/2026,3/30/2026,,,,,,,,,ITB Berlin 2026
1018,,,New Lead,Gabriela@Merakitours.Cz,,Meraki,Tours,,,,,,,,,,,,,,,,,,,,,3/30/2026,3/30/2026,,,,,,,,,ITB Berlin 2026
1019,,,New Lead,Info@Chinatoptours.Com,,Topview,Holiday Japan,,,,,,,,,,,,,81352072668,,,,,,,,3/30/2026,3/30/2026,,,,,,,,,ITB Berlin 2026
1020,,,New Lead,Amanda.Kantanka@Mfa.Gov.Gh,,Ghana,Embassy In Germany,,,,,,,,,,,,,4.91763E+12,,,,,,,,3/30/2026,3/30/2026,,,,,,,,,ITB Berlin 2026
1021,,,New Lead,Headcon@Ghanaemberlin.De,,Ghana,Embassy In Germany,,,,,,,,,,,,,4.93055E+11,,,,,,,,3/30/2026,3/30/2026,,,,,,,,,ITB Berlin 2026
1022,,,New Lead,Info@Kirstens-Reislounge.De,,Kritstens,Reiselounge,,,,,,,,,,,,,4.91516E+12,,,,,,,,3/30/2026,3/30/2026,,,,,,,,,ITB Berlin 2026
1023,,,New Lead,Ksaquee@Ntb.Gov.Sl,,National,Tourist Board. Sierra Leone,,,,,,,,,,,,,23278649519,,,,,,,,3/30/2026,3/30/2026,,,,,,,,,ITB Berlin 2026
1024,,,New Lead,Annmariekamara@Mrc.Gov.Si,,Ministry,Of Tourism And Cultural Affairs,,,,,,,,,,,,,23276642401,,,,,,,,3/30/2026,3/30/2026,,,,,,,,,ITB Berlin 2026
1025,,,New Lead,Kofiadzololo@Yahoo.Co.Uk,,Embassy,Of Ghana In Germany,,,,,,,,,,,,,4.93055E+11,,,,,,,,3/30/2026,3/30/2026,,,,,,,,,ITB Berlin 2026
1026,,,New Lead,Reservations@Ipctravel.Com,,Ipc,Travel,,,,,,,,,,,,,23280911911,,,,,,,,3/30/2026,3/30/2026,,,,,,,,,ITB Berlin 2026
1027,,,New Lead,Info@Hellosierraleone.Com,,Hello,Sierra Leone,,,,,,,,,,,,,41765792609,,,,,,,,3/30/2026,3/30/2026,,,,,,,,,ITB Berlin 2026
1028,,,New Lead,Berlin@Mfa.Gov.Gh,,Embassy,Of Ghana In Germany,,,,,,,,,,,,,4.9152E+12,,,,,,,,3/30/2026,3/30/2026,,,,,,,,,ITB Berlin 2026
1029,,,Lead,Tajvalentine@me.com,,Taj,Valentine,,,,,,,,,,,,,,,,,,,,,4/1/2026,4/1/2026,,,,,,,,,
1030,,,New Lead,segunamolegbe1990@gmail.com,,Adesegun,Amolegbe,,,,,,,,,,,,,,,,,,,,,4/5/2026,4/5/2026,,,,,,,,,
1031,,,Won,,Mr,DENNIS,,,,,,,,,,,,,,,,,,,,,,4/23/2026,4/23/2026,,,,,,,,,KINSINTON
1032,,,New Lead,dianagmarley@gmail.com,,Diana,Marley,,,,,,,,,,,,,,,,,,,,,5/4/2026,5/4/2026,,,,,,,,,
1033,,,Cusomer (Follow-Up),,Miss,Marian,Ansah Otu,,,,,,Ghana,,,,,,,,,243150011,,,,,,5/13/2026,5/13/2026,,,,,,,,,Transport
1034,,,Cusomer (Follow-Up),,Miss,Victoria,Lawson,,,Accra,,,Ghana,,,,,,,,,556772759,,,,,,5/13/2026,5/13/2026,,,,,,,,,Transport
1035,,,Cusomer (Follow-Up),,Miss,Constance,,,,,,,Ghana,,,,,,,,,244257733,,,,,,5/13/2026,5/13/2026,,,,,,,,,Transport
1036,,,Cusomer (Follow-Up),,Miss,Lucy,,,,,,,Ghana,,,,,,,,,539381943,,,,,,5/13/2026,5/13/2026,,,,,,,,,Transport
1037,,,Cusomer (Follow-Up),,Miss,Katrin,,,,,,,Ghana,,,,,,,,,206399931,,,,,,5/13/2026,5/13/2026,,,,,,,,,Transport
1038,,,Cusomer (Follow-Up),,Dr,Stanley,Ayerson,,,,,,Ghana,,,,,,,,,242978567,,,,,,5/13/2026,5/13/2026,,,,,,,,,Experiential Trips|Transport
1039,,,Cusomer (Follow-Up),,Miss,Phoebe,Ayerson,,,,,,Ghana,,,,,,,,,208986271,,,,,,5/13/2026,5/13/2026,,,,,,,,,Experiential Trips|Transport
1040,,,Cusomer (Follow-Up),,Miss,Susan,Livingstone,,,,,,Ghana,,,,,,,,,577676900,,,,,,5/13/2026,5/13/2026,,,,,,,,,Ticket|Transport
1041,,,Cusomer (Follow-Up),,Miss,Philomena,Livingstone,,,,,,Ghana,,,,,,,,,202841559,,,,,,5/13/2026,5/13/2026,,,,,,,,,Ticket|Transport
1042,,,Cusomer (Follow-Up),,Miss,Forgive,Adzakpa,,,,,,Ghana,,,,,,,,,557401184,,,,,,5/13/2026,5/13/2026,,,,,,,,,Ticket|Transport
1043,,,Cusomer (Follow-Up),,Miss,Fidelia,Kosi,,,,,,Ghana,,,,,,,,,249369007,,,,,,5/13/2026,5/13/2026,,,,,,,,,Ticket|Transport
1044,,,Cusomer (Follow-Up),,Miss,Selma,Asante,,,,,,Ghana,,,,,,,,,204355184,,,,,,5/13/2026,5/13/2026,,,,,,,,,Ticket
1045,,,Cusomer (Follow-Up),,Mr,Victor,Owusu,,,,,,Ghana,,,,,,,,,202011393,,,,,,5/13/2026,5/13/2026,,,,,,,,,Ticket
1046,,,Cusomer (Follow-Up),,Dr,Albert,Akpalu,,,,,,Ghana,,,,,,,,,244472117,,,,,,5/13/2026,5/13/2026,,,,,,,,,Experiential Trips|Ticket|Transport
1047,,,Cusomer (Follow-Up),,Mrs,Gertrude,Akpalu,,,,,,Ghana,,,,,,,,,243350091,,,,,,5/13/2026,5/13/2026,,,,,,,,,Experiential Trips|Ticket|Transport
1048,,,Cusomer (Follow-Up),,,Abigail,Teye,,,,,,Ghana,,,,,,,,,266017380,,,,,,5/13/2026,5/13/2026,,,,,,,,,Ticket
1049,,,Cusomer (Follow-Up),,,Kafui,Mills-Odoi,,,,,,Ghana,,,,,,,,,552777845,,,,,,5/13/2026,5/13/2026,,,,,,,,,Ticket
1050,,,Cusomer (Follow-Up),,,Edna,Charles,,,,,,Ghana,,,,,,,,,244628469,,,,,,5/13/2026,5/13/2026,,,,,,,,,Transport
1051,,,Cusomer (Follow-Up),,,Edna,,,,,,,Ghana,,,,,,,,,556367771,,,,,,5/13/2026,5/13/2026,,,,,,,,,Transport
1052,,,Cusomer (Follow-Up),,,Juliet,,,,,,,Ghana,,,,,,,,,244619526,,,,,,5/13/2026,5/13/2026,,,,,,,,,Transport
1053,,,Cusomer (Follow-Up),,,Martha,Yeng,,,,,,Ghana,,,,,,,,,246838783,,,,,,5/13/2026,5/13/2026,,,,,,,,,Transport
1054,,,Cusomer (Follow-Up),,,Richard,Dey,,,,,,Ghana,,,,,,,,,279918202,,,,,,5/13/2026,5/13/2026,,,,,,,,,Transport
1055,,,Cusomer (Follow-Up),,,Janet,Kumi,,,,,,Ghana,,,,,,,,,269720696,,,,,,5/13/2026,5/13/2026,,,,,,,,,Transport
1056,,,New Lead,,,Noel,,,,,,,Ghana,,,,,,,,,276476417,,,,,,5/13/2026,5/13/2026,,,,,,,,,Transport
1057,,,Cusomer (Follow-Up),,,Abdul,,,,,,,Ghana,,,,,,,,,246661321,,,,,,5/13/2026,5/13/2026,,,,,,,,,Transport
1058,,,Cusomer (Follow-Up),,,Akua,Kontoh,,,,,,Ghana,,,,,,,,,242710247,,,,,,5/13/2026,5/13/2026,,,,,,,,,Transport
1059,,,Cusomer (Follow-Up),,Mr,John,Addo,,,,,,Ghana,,,,,,,,,209583111,,,,,,5/13/2026,5/13/2026,,,,,,,,,Ticket|Transport
1060,,,Cusomer (Follow-Up),,,Belinda,,,,,,,Ghana,,,,,,,,,244962216,,,,,,5/13/2026,5/13/2026,,,,,,,,,Transport
1061,,,Cusomer (Follow-Up),,,Abraham,,,,,,,Ghana,,,,,,,,,246153624,,,,,,5/13/2026,5/13/2026,,,,,,,,,Transport
1062,,,Cusomer (Follow-Up),,,Patterson,,,,,,,Ghana,,,,,,,,,024 462 6758,,,,,,5/13/2026,5/13/2026,,,,,,,,,Transport
1063,,,Cusomer (Follow-Up),,,Salomey,Okoh,,,,,,Ghana,,,,,,,,,267315881,,,,,,5/13/2026,5/13/2026,,,,,,,,,Ticket|Transport
1064,,,Cusomer (Follow-Up),,,Letitia,Osei-Sarfo,,,,,,Ghana,,,,,,,,,244617035,,,,,,5/13/2026,5/13/2026,,,,,,,,,Ticket
1065,,,Cusomer (Follow-Up),,,Ewurasi,Dei-Anang,,,,,,Ghana,,,,,,,,,544322666,,,,,,5/13/2026,5/13/2026,,,,,,,,,Ticket
1066,,,Cusomer (Follow-Up),,,Charles,Okyere,,,,,,Ghana,,,,,,,,,206951965,,,,,,5/13/2026,5/13/2026,,,,,,,,,Transport
1067,,,Cusomer (Follow-Up),,,Jonathan,Arthur,,,,,,Ghana,,,,,,,,,242516900,,,,,,5/13/2026,5/13/2026,,,,,,,,,Transport
1068,,,Cusomer (Follow-Up),,,Mavis,Brakohiapa,,,,,,Ghana,,,,,,,,,246382255,,,,,,5/13/2026,5/13/2026,,,,,,,,,Transport
1069,,,Cusomer (Follow-Up),,,Maame,Addo,,,,,,Ghana,,,,,,,,,240669651,,,,,,5/13/2026,5/13/2026,,,,,,,,,Ticket
1070,,,Cusomer (Follow-Up),,Dr,William,Addo,,,,,,Ghana,,,,,,,,,242246676,,,,,,5/13/2026,5/13/2026,,,,,,,,,Ticket
1071,,,Cusomer (Follow-Up),,,Angela,,,,,,,Ghana,,,,,,,,,0267434110 / 0202948225,,,,,,5/13/2026,5/13/2026,,,,,,,,,Transport
1072,,,Cusomer (Follow-Up),,,James,,,,,,,Ghana,,,,,,,,,240592927,,,,,,5/13/2026,5/13/2026,,,,,,,,,Transport
1073,,,Cusomer (Follow-Up),,,Esther,,,,,,,Ghana,,,,,,,,,244969966,,,,,,5/13/2026,5/13/2026,,,,,,,,,Outbound|Ticket
1074,,,Cusomer (Follow-Up),,,Dema,,,,,,,Ghana,,,,,,,,,204532194,,,,,,5/13/2026,5/13/2026,,,,,,,,,Transport
1075,,,Cusomer (Follow-Up),,,Cynthia,,,,,,,Ghana,,,,,,,,,244434202,,,,,,5/13/2026,5/13/2026,,,,,,,,,Transport
1076,,,Cusomer (Follow-Up),,,Enoch,Llori,,,,,,Ghana,,,,,,,,,207543975,,,,,,5/13/2026,5/13/2026,,,,,,,,,Transport
1077,,,Cusomer (Follow-Up),,,Debbie,,,,,,,Ghana,,,,,,,,,278361264,,,,,,5/13/2026,5/13/2026,,,,,,,,,Transport
1078,,,Cusomer (Follow-Up),,,Patricia,Wilkins,,,,,,Ghana,,,,,,,,,578552620,,,,,,5/13/2026,5/13/2026,,,,,,,,,Transport
1079,,,Cusomer (Follow-Up),,,Tina,,,,,,,Ghana,,,,,,,,,249316839,,,,,,5/13/2026,5/13/2026,,,,,,,,,Transport
1080,,,Cusomer (Follow-Up),,,Nancy,,,,,,,Ghana,,,,,,,,,559033147,,,,,,5/13/2026,5/13/2026,,,,,,,,,Transport
1081,,,Lead,sales1@sunseekerstours.com,,Edem,Abudey,,,,,,,,,,,,,,,,,,,,,5/28/2026,5/28/2026,,,,,,,,,
1082,,,New Lead,otooaggreydennis@gmail.com,Mrs,Dennis,otoo,,,,,,,,,,,,,,,,,,,,,5/29/2026,5/29/2026,,,,,,,,,Test Email
1083,,,Cusomer (Follow-Up),BHugh@nclorp.com,,Bailey,Hugh,,,,,,,,,,,,,,,786.913.2876,,,,,,6/1/2026,6/1/2026,,,,,,107,Norwegian Cruise Line,,SEATRADE GLOBAL 2026
1084,,,Cusomer (Follow-Up),,,Baaba,Arthur,,,,,,Ghana,,,,,,,,,024 436 6372,,,,,,6/1/2026,6/1/2026,,,,,,,,,Ticket|Transport
1085,,,Cusomer (Follow-Up),,,Halima,,,,,,,Ghana,,,,,,,,,054 991 1598,,,,,,6/1/2026,6/1/2026,,,,,,,,,Ticket
1086,,,Cusomer (Follow-Up),,,Maame Esi,,,,,,,Ghana,,,,,,,,,030 278 0609,,,,,,6/1/2026,6/1/2026,,,,,,,,,Ticket|Transport
1087,,,Cusomer (Follow-Up),,,Gregg,Zalkin,,,,,,,,,,,,,,,786.534.0116,,,,,,6/1/2026,6/1/2026,,,,,,107,Norwegian Cruise Line,,SEATRADE GLOBAL 2026
1088,,,Cusomer (Follow-Up),madihj@alizestravel.com,,Jalil,Madih,,,,,,Morocco,,,,,,,,,2.12661E+11,,,,,,6/1/2026,6/1/2026,,,,,,,,,SEATRADE GLOBAL 2026
1089,,,Cusomer (Follow-Up),rayan.madih@alizes.ma,,Rayan,Madih,,,,,,Morocco,,,,,,,,,2.12661E+11,,,,,,6/1/2026,6/1/2026,,,,,,170,Alizes Travel,,SEATRADE GLOBAL 2026
1090,,,Cusomer (Follow-Up),ycouessurel@ponant.com,,Yann,Couessurel,,,,,,,,,,,,,,,33784571468,,,,,,6/1/2026,6/1/2026,,,,,,303,Ponant,,SEATRADE GLOBAL 2026
1091,,,Cusomer (Follow-Up),yadebiaye@presidence.bj,,Yannis,Adebiaye,,,,,,,,,,,,,,,+33 6 29 62 79 96,,,,,,6/1/2026,6/1/2026,,,,,,,,,SEATRADE GLOBAL 2026
1092,,,Cusomer (Follow-Up),ebeneult@presidence.bj,,Emeline,Beneult,,,,,,Benin,,,,,,,,,+229 01 64 07 56 61,,,,,,6/1/2026,6/1/2026,,,,,,,,,SEATRADE GLOBAL 2026
1093,,,Cusomer (Follow-Up),jkemajou@presidence.bj,,Jean-Wilfried,Kemajou,,,,,,Benin,,,,,,,,,+229 0160450303,,,,,,6/1/2026,6/1/2026,,,,,,,,,SEATRADE GLOBAL 2026
1094,,,Cusomer (Follow-Up),tom.batchelor@scenic.eu,,Tom,Batchelor,,,,,,,,,,,,,,,+44 7545 820 548,,,,,,6/1/2026,6/1/2026,,,,,,300,Scenic: Luxury Cruises & Tours,,SEATRADE GLOBAL 2026
1095,,,Cusomer (Follow-Up),franciscour@silversea.com,,Francisco,Rivas,,,,,,,,,,,,,,,+1 954 658 0281,,,,,,6/1/2026,6/1/2026,,,,,,,,,SEATRADE GLOBAL 2026
1096,,,Cusomer (Follow-Up),vdau@silversea.com,,Vladut,Dau,,,,,,Monaco,,,,,,,,,+377 9797 2508,,,,,,6/1/2026,6/1/2026,,,,,,,,,SEATRADE GLOBAL 2026
1097,,,Cusomer (Follow-Up),matteob@Silversea.com,,Matteo,Bonelli,,,,,,Monaco,,,,,,,,,+377 9770 2254,,,,,,6/1/2026,6/1/2026,,,,,,,,,SEATRADE GLOBAL 2026
1098,,,Cusomer (Follow-Up),ntamayo@silversea.com,,Nicolas,Tamayo,,,,,,Monaco,,,,,,,,,+1 754 610 1182,,,,,,6/1/2026,6/1/2026,,,,,,,,,SEATRADE GLOBAL 2026
1099,,,Cusomer (Follow-Up),alejandro.varela@intpss.com,,Alejandro,Varela,,,,,,,,,,,,,,,(+34) 648 456 059,,,,,,6/1/2026,6/1/2026,,,,,,,,,SEATRADE GLOBAL 2026
1100,,,Cusomer (Follow-Up),alexander.napp@pwl.de,,Alexander,Napp,,,,,,,,,,,,,,,+49 40 36152-339,,,,,,6/1/2026,6/1/2026,,,,,,,,,SEATRADE GLOBAL 2026
1101,,,Cusomer (Follow-Up),DCHIAPPA@CRYSTALCRUISES.COM,,Daniele,Chiappa,,,,,,,,,,,,,,,+33 6 80 86 58 33,,,,,,6/1/2026,6/1/2026,,,,,,,,,SEATRADE GLOBAL 2026
1102,,,Cusomer (Follow-Up),maria.tauschke@tuicruises.com,,Maria,Tauschke,,,,,,,,,,,,,,,+49 40 60001-5217,,,,,,6/1/2026,6/1/2026,,,,,,,,,SEATRADE GLOBAL 2026
1103,,,Cusomer (Follow-Up),julien.wolff@tuicruises.com,,Julien,Wolff,,,,,,,,,,,,,,,+49 40 60001-5213,,,,,,6/1/2026,6/1/2026,,,,,,,,,SEATRADE GLOBAL 2026
1104,,,Cusomer (Follow-Up),edwin.dzankovic@tuicruises.com,,Edwin,Dzankoiç,,,,,,,,,,,,,,,+49 40 60001-5344,,,,,,6/1/2026,6/1/2026,,,,,,,,,SEATRADE GLOBAL 2026
1105,,,Cusomer (Follow-Up),nicole.langosch-thormann@schultecruise.com,,Capt. Nicole,Langosch-Thormann,,,,,,Germany,,,,,,,,,+49 40 311 896 725,,,,,,6/1/2026,6/1/2026,,,,,,,,,SEATRADE GLOBAL 2026
1106,,,Cusomer (Follow-Up),frank.oertel@schultecruise.com,,Capt. Frank,Oertel,,,,,,Germany,,,,,,,,,+49 40 311 896 239,,,,,,6/1/2026,6/1/2026,,,,,,,,,SEATRADE GLOBAL 2026
1107,,,Cusomer (Follow-Up),sanjay.kushwaha@schultecruise.com,,Capt. Sanjay,Kushwaha,,,,,,Germany,,,,,,,,,+91 98675 26517,,,,,,6/1/2026,6/1/2026,,,,,,,,,SEATRADE GLOBAL 2026
1108,,,Cusomer (Follow-Up),jhernandezllosa@altanovacorp.com,,Jordi,Hernández Llosá,,,,,,,,,,,,,,,+33 7 68 33 24 88,,,,,,6/1/2026,6/1/2026,,,,,,,,,SEATRADE GLOBAL 2026
1109,,,Cusomer (Follow-Up),patrick@otimanagementconsulting.com,,Patrick,Donkor,,,,,,United States,,,,,,,,,929-509-4129,,,,,,6/1/2026,6/1/2026,,,,,,,,,SALES BLITZ 2026
1110,,,Cusomer (Follow-Up),dcharles@thebedstuybid.org,Ms,Dale,Charles,,,,,,United States,,,,,,,,,718.872.3403,,,,,,6/1/2026,6/1/2026,,,,,,,,,SALES BLITZ 2026
1111,,,Cusomer (Follow-Up),EFEDWARDS@ATT.NET,,Eric,Edwards,,,,,,,,,,,,,,,718-399-9053,,,,,,6/1/2026,6/1/2026,,,,,,,,,SALES BLITZ 2026
1112,,,Cusomer (Follow-Up),dgordon@ifetayo.org,,Desirée,Gordon,,,,,,,,,,,,,,,718.340.8206,,,,,,6/1/2026,6/1/2026,,,,,,,,,SALES BLITZ 2026
1113,,,New Lead,jasperklutse@gmail.com,Mr,Jasper,Test,,,,,,,,,,,,,,,,9,,,,,6/1/2026,6/1/2026,,,,,,,,,Test Email
