Prefix,First Name,Last Name,Email,Status,Address 1,Address 2,City,County,Postcode,Telephone,Tags,Company,Company Address 1,Company Address 2,Company City,Company County,Company Postcode,Company Telephone,Company Tags
,Soca,Island    ,Explore@Socaislands.Com,Customer,,,,,,18683882973,WTM London 2025,Soca Island,,,,,,18683882973,WTM London 2025
,Fly,Liat Air   ,Hafsah@Flyliatair.Com,Customer,,,,,,17702307,WTM London 2025,Fly Liat Air,,,,,,17702307,WTM London 2025
,Bharat,Veda Tours   ,Holidays@Barathvedatours.Com,Customer,,,,,,393667193833,WTM London 2025,Bharat Veda Tours,,,,,,3.93667E+11,WTM London 2025
,Land,Tours    ,Sika@Landtours.Com,Customer,,,,,,233243705455,WTM London 2025,Land Tours,,,,,,2.33244E+11,WTM London 2025
,Chr,Travel    ,Bryn@Chrtravel.Com,Customer,,,,,,,WTM London 2025,Chr Travel,,,,,,,WTM London 2025
,Zara,Tours    ,Zara@Zaratours.Com,Customer,,,,,,1886650447,WTM London 2025,Zara Tours,,,,,,1886650447,WTM London 2025
,,Sun Group Inc  ,Rod@Sungroupinc.Net,Customer,,,,,,2464198365,WTM London 2025, Sun Group Inc,,,,,,2464198365,WTM London 2025
,Sun,Tours    ,Barbara.Thomas@Suntourscaribbean.Com,Customer,,,,,,2464348460,WTM London 2025,Sun Tours,,,,,,2464348460,WTM London 2025
,Royal,Basin Resort   ,Md@Royalbasinresort,Customer,,,,,,233550244242,WTM London 2025,Royal Basin Resort,,,,,,2.3355E+11,WTM London 2025
,Melange,Digital    ,Mihir@Melangedigital.Co,Customer,,,,,,447466960328,WTM London 2025,Melange Digital,,,,,,4.47467E+11,WTM London 2025
,Africa,Tourism Solutions   ,K.Mboup@Africatourismsolutions.Com,Customer,,,,,,221774300235,WTM London 2025,Africa Tourism Solutions,,,,,,2.21774E+11,WTM London 2025
,Fs,Tourism & Consulting  ,Sowfatoumata.Pro@Gmail.Com,Customer,,,,,,33753182865,WTM London 2025,Fs Tourism & Consulting,,,,,,33753182865,WTM London 2025
,Hunkar,Int Halal Travel  ,Info@Hunkarturizm.Com,Customer,,,,,,905323682046,WTM London 2025,Hunkar Int Halal Travel,,,,,,9.05324E+11,WTM London 2025
,Africa,Incoming Ltd   ,Info@Africaincoming.Com,Customer,,,,,,27875502462,WTM London 2025,Africa Incoming Ltd,,,,,,27875502462,WTM London 2025
,Estify,Global Travel & Tours ,Estifytravels@Gmails.Com,Customer,,,,,,2347038896604,WTM London 2025,Estify Global Travel & Tours,,,,,,2.34704E+12,WTM London 2025
,Fanatic,Sports Pvt Ltd  ,Manas.Tapadara@Fanaticsports.Com,Customer,,,,,,919920227757,WTM London 2025,Fanatic Sports Pvt Ltd,,,,,,9.1992E+11,WTM London 2025
,Soeasy,Travel Insurance   ,Info@Soeasytravelinsurance.Com,Customer,,,,,,35796200200,WTM London 2025,Soeasy Travel Insurance,,,,,,35796200200,WTM London 2025
,Tourys,    ,Kelly@Tourys.Net,Customer,,,,,,4374948004,WTM London 2025,Tourys,,,,,,4374948004,WTM London 2025
,Holidays@Leisure,    ,Rsartape@Holidaysatleisure.Com,Customer,,,,,,912223512146,WTM London 2025,Holidays@Leisure,,,,,,9.12224E+11,WTM London 2025
,Travel,Show Mrk Group  ,Nick@Travelsmg.Com,Customer,,,,,,7743233644,WTM London 2025,Travel Show Mrk Group,,,,,,7743233644,WTM London 2025
,Prestige,Travel    ,Info@Prestigetravelcorp.Com.Au,Customer,,,,,,610281068982,WTM London 2025,Prestige Travel,,,,,,6.10281E+11,WTM London 2025
,Treering,Memories    ,Anna@Treering.Com,Customer,,,,,,3046698254,WTM London 2025,Treering Memories,,,,,,3046698254,WTM London 2025
,Inteletravel,    ,Hoppietravel@Gmail.Com,Customer,,,,,,447810021076,WTM London 2025,Inteletravel,,,,,,4.4781E+11,WTM London 2025
,Kensington,Tours    ,Tatiana.Czuchnowsky@Kensingtontours.Com,Customer,,,,,,1466370452,WTM London 2025,Kensington Tours,,,,,,1466370452,WTM London 2025
,Jones,Real Escapes   ,Lili@Jonesrealescapes.Com,Customer,,,,,,7903898260,WTM London 2025,Jones Real Escapes,,,,,,7903898260,WTM London 2025
,Hoboreizen,    ,Dirk.Robbeets@Hoboreizen.Be,Customer,,,,,,32475430366,WTM London 2025,Hoboreizen,,,,,,32475430366,WTM London 2025
,Fabulicious,Travel    ,Denise@Fabulicioustravels.Com,Customer,,,,,,447588489753,WTM London 2025,Fabulicious Travel,,,,,,4.47588E+11,WTM London 2025
,Green,Book Expeditions   ,Info@Greenbookexpeditions.Com,Customer,,,,,,447350236033,WTM London 2025,Green Book Expeditions,,,,,,4.4735E+11,WTM London 2025
,Ahura,Travels    ,Anosh.Kanga@Ahuratravels.Com,Customer,,,,,,912222837590,WTM London 2025,Ahura Travels,,,,,,9.12223E+11,WTM London 2025
,Cambiente,    ,Antoniodiramiotd@Gmail.Com,Customer,,,,,,393463813945,WTM London 2025,Cambiente,,,,,,3.93464E+11,WTM London 2025
,Vuokati,    ,Leena.Penttinen@Vuokati.Fi,Customer,,,,,,358403572269,WTM London 2025,Vuokati,,,,,,3.58404E+11,WTM London 2025
,Not,Just Travel   ,Charles.Oparaeche@Notjusttravel.Com ,Customer,,,,,,7862253885,WTM London 2025,Not Just Travel,,,,,,7862253885,WTM London 2025
,Goeugo,    ,Emma@Goeugo.Com,Customer,,,,,,31629382850,WTM London 2025,Goeugo,,,,,,31629382850,WTM London 2025
,Tougha,    ,Yvonnedonkor70@Gmail.Com,Customer,,,,,,233243146864,WTM London 2025,Tougha,,,,,,2.33243E+11,WTM London 2025
,Ferty9,    ,Bharat.Vyas@Ferty9.Com,Customer,,,,,,919099020095,WTM London 2025,Ferty9,,,,,,9.19099E+11,WTM London 2025
,Red,Beach Travel Co. Ltd ,Sales@Redbeachtravel.Com,Customer,,,,,,84916891952,WTM London 2025,Red Beach Travel Co. Ltd,,,,,,84916891952,WTM London 2025
,Khalidia,Palace Hotel Dubia  ,S.Sarisen@Gloria-Hotels.Com,Customer,,,,,,971561742758,WTM London 2025,Khalidia Palace Hotel Dubia,,,,,,9.71562E+11,WTM London 2025
,Todays,Travels    ,Todaystravellmd4@Yahoo.Com,Customer,,,,,,233249479954,WTM London 2025,Todays Travels,,,,,,2.33249E+11,WTM London 2025
,P1,Travel    ,Sales@P1Hospitality.Com,Customer,,,,,,31618738898,WTM London 2025,P1 Travel,,,,,,31618738898,WTM London 2025
,,Doclina    ,Nermine.Raouf@Doclinia.Com,Customer,,,,,,971561793905,WTM London 2025, Doclina,,,,,,9.71562E+11,WTM London 2025
,The International,IHolidays Club  ,Andrea.Carv23@Icloud.Com,Customer,,,,,,447443482928,WTM London 2025,The Int. Holidays Club,,,,,,4.47443E+11,WTM London 2025
,Travel,Designer    ,Umair@Traveldesigner.Qa,Customer,,,,,,97431002679,WTM London 2025,Travel Designer,,,,,,97431002679,WTM London 2025
,Bedouin,Trips    ,Shinoj@Bedouin.Ae,Customer,,,,,,971509838212,WTM London 2025,Bedouin Trips,,,,,,9.7151E+11,WTM London 2025
,Hatravel,    ,Md@Hatravel.Com.Vn,Customer,,,,,,84986269111,WTM London 2025,Hatravel,,,,,,84986269111,WTM London 2025
,Coasta,Maria Tours   ,Lucia@Coastmariatours.Com,Customer,,,,,,254700345050,WTM London 2025,Coasta Maria Tours,,,,,,2.547E+11,WTM London 2025
,Destination,Asia    ,Patrick.Chase@Destination-Asia.Com,Customer,,,,,,85569533318,WTM London 2025,Destination Asia,,,,,,85569533318,WTM London 2025
,Resort,Life Travel   ,Raaif@Resortlife.Travel,Customer,,,,,,9607876366,WTM London 2025,Resort Life Travel,,,,,,9607876366,WTM London 2025
,Capital,Travel    ,Thizkar@Capitaltravel.Com,Customer,,,,,,9607911570,WTM London 2025,Capital Travel,,,,,,9607911570,WTM London 2025
,Slv Tours, Abd Travels  ,Contact@Slvtoursandtravels.Com,Customer,,,,,,917780203459,WTM London 2025,Slv Tours Abd Travels,,,,,,9.1778E+11,WTM London 2025
,Hiszpania,Latam De Luxe  ,F.Gonzalez@Hispaniadeluxe.Com,Customer,,,,,,48728958974,WTM London 2025,Hiszpania Latam De Luxe,,,,,,48728958974,WTM London 2025
,Chengdu,Greatway Tour   ,Zhiyuan.Liao@Greatwaytour.Com,Customer,,,,,,8618982230028,WTM London 2025,Chengdu Greatway Tour,,,,,,8.61898E+12,WTM London 2025
,Sun,Ocean    ,A.Rasheed@Sunoceanmaldives.Com,Customer,,,,,,9607774042,WTM London 2025,Sun Ocean,,,,,,9607774042,WTM London 2025
,Mauri,Tours    ,Bella@Mauritours.Net,Customer,,,,,,23059399207,WTM London 2025,Mauri Tours,,,,,,23059399207,WTM London 2025
,The Shams, Group   ,Info@Theshamsgroup.Uz,Customer,,,,,,998939602515,WTM London 2025,The Shams Group,,,,,,9.9894E+11,WTM London 2025
,Egypt,Tour Packages   ,Info@Egypttourpackages.Com,Customer,,,,,,201224789162,WTM London 2025,Egypt Tour Packages,,,,,,2.01225E+11,WTM London 2025
,Mmgy,    ,Mblackburn@Mmgy.Com,Customer,,,,,,442075931274,WTM London 2025,Mmgy,,,,,,4.42076E+11,WTM London 2025
,Cynosure,Travels Ltd   ,Ek.Odigie@Cynosuretravelsltd.Com,Customer,,,,,,2348137666641,WTM London 2025,Cynosure Travels Ltd,,,,,,2.34814E+12,WTM London 2025
,Fernwehrahee,    ,Fernwehrahee@Gmail.Com,Customer,,,,,,447823706378,WTM London 2025,Fernwehrahee,,,,,,4.47824E+11,WTM London 2025
,The,Stratford    ,Valentina@Thestratford.Com,Customer,,,,,,442039613333,WTM London 2025,The Stratford,,,,,,4.4204E+11,WTM London 2025
,Pennstate,    ,Js8@Psu.Edu,Customer,,,,,,0,Sales Trip  Europe January 2025,Pennstate,,,,,,,Sales Trip  Europe January 2025
,Born,Free Safaris   ,Alana@Bfsafaris.Com,Customer,,,,,,7478833308,Sales Trip  Europe January 2025,Born Free Safaris,,,,,,7478833308,Sales Trip  Europe January 2025
,Azuri,Tours And Travel  ,Ahendric@Successnet.Net,Customer,,,,,,31053858000,Sales Trip  Europe January 2025,Azuri Tours And Travel,,,,,,31053858000,Sales Trip  Europe January 2025
,Steel,Travel Services   ,Cathy@Heartcruises.Com,Customer,,,,,,7142712251,Sales Trip  Europe January 2025,Steel Travel Services,,,,,,7142712251,Sales Trip  Europe January 2025
,International Travel, Specialists   ,Cblake@Aol.Com,Customer,,,,,,7149519020,Sales Trip  Europe January 2025,Int. Travel Specialists,,,,,,7149519020,Sales Trip  Europe January 2025
,Passport,To Anywhere   ,Michellelazre.Inteletravel.Com,Customer,,,,,,5164928185,Sales Trip  Europe January 2025,Passport To Anywhere,,,,,,5164928185,Sales Trip  Europe January 2025
,Grose,Travel    ,Grosetravel@Icloud.Com,Customer,,,,,,6107516610,Sales Trip  Europe January 2025,Grose Travel,,,,,,6107516610,Sales Trip  Europe January 2025
,Marry,    ,Globalbridalgroup@Gmail.Com,Customer,,,,,,2034618423,Sales Trip  Europe January 2025,Marry,,,,,,2034618423,Sales Trip  Europe January 2025
,Africa Paradise, Adventures   ,Sales@Africaparadiseadventures.Com,Customer,,,,,,18665504447,Sales Trip  Europe January 2025,Africa Paradise Adventures,,,,,,18665504447,Sales Trip  Europe January 2025
,Florida,Vacations    ,Dkeith.Travel1747@Gmail.Com,Customer,,,,,,7323004668,Sales Trip  Europe January 2025,Florida Vacations,,,,,,7323004668,Sales Trip  Europe January 2025
,Rolsros,Enterprise    ,Rolsrols77@Yahoo.Com,Customer,,,,,,2019195594,Sales Trip  Europe January 2025,Rolsros Enterprise,,,,,,2019195594,Sales Trip  Europe January 2025
,Saunders,Event And Travel  ,Jsmgonline@Gmail.Com,Customer,,,,,,9178163577,Sales Trip  Europe January 2025,Saunders Event And Travel,,,,,,9178163577,Sales Trip  Europe January 2025
,Minerva,Travel    ,Ehenry@Minervatravel.Net,Customer,,,,,,7183772071,Sales Trip  Europe January 2025,Minerva Travel,,,,,,7183772071,Sales Trip  Europe January 2025
,Trekstar,Travels    ,Trekstartravels@Gmail.Com,Customer,,,,,,0,Sales Trip  Europe January 2025,Trekstar Travels,,,,,,,Sales Trip  Europe January 2025
,The,Five Foot Traveler  ,Sarah@Thefivefoottraveler.Com,Customer,,,,,,12037317613,Sales Trip  Europe January 2025,The Five Foot Traveler,,,,,,12037317613,Sales Trip  Europe January 2025
,Embassy,Of Zimbabwe   ,Rdunira@Zimembassydc.Org,Customer,,,,,,2023327100,Sales Trip  Europe January 2025,Embassy Of Zimbabwe,,,,,,2023327100,Sales Trip  Europe January 2025
,Gyala,Travel    ,Gyalatravel@Gmail.Com,Customer,,,,,,6465430639,Sales Trip  Europe January 2025,Gyala Travel,,,,,,6465430639,Sales Trip  Europe January 2025
,Indochina,    ,Tracy@Indochina-Dmc.Com,Customer,,,,,,84982058118,Sales Trip  Europe January 2025,Indochina,,,,,,84982058118,Sales Trip  Europe January 2025
,Tde Tours," Connection, Inc  ",Tdetours@Gmail.Com,Customer,,,,,,7185155100,Sales Trip  Europe January 2025,"Tde Tours Connection, Inc",,,,,,7185155100,Sales Trip  Europe January 2025
,Envoyage,    ,Esclusively.Yours@Envoyage.Com,Customer,,,,,,6467612070,Sales Trip  Europe January 2025,Envoyage,,,,,,6467612070,Sales Trip  Europe January 2025
,Mp,Travels    ,Info@Mptravels.Us,Customer,,,,,,19292245004,Sales Trip  Europe January 2025,Mp Travels,,,,,,19292245004,Sales Trip  Europe January 2025
,-,    ,Creativedatesfi@Gmail.Com,Customer,,,,,,8135314020,Sales Trip  Europe January 2025,-,,,,,,8135314020,Sales Trip  Europe January 2025
,Int.,Dev. Inst   ,Parashu@Idiworldwide.Net,Customer,,,,,,15713481188,Sales Trip  Europe January 2025,Int. Dev. Inst,,,,,,15713481188,Sales Trip  Europe January 2025
,Southern,Xplorer    ,Alex@Southernxplorer.Co.Za,Customer,,,,,,491733821811,Sales Trip  Europe January 2025,Southern Xplorer,,,,,,4.91734E+11,Sales Trip  Europe January 2025
,Variety,Crusies    ,Sfleming@Varietycruises.Com,Customer,,,,,,2125004257,Sales Trip  Europe January 2025,Variety Crusies,,,,,,2125004257,Sales Trip  Europe January 2025
,Vika,Tour    ,Vikatourkg@Gmail.Com,Customer,,,,,,996777078773,Sales Trip  Europe January 2025,Vika Tour,,,,,,9.96777E+11,Sales Trip  Europe January 2025
,T2Gtravel,    ,T2Gtravel2016@Yahoo.Com,Customer,,,,,,2673981019,Sales Trip  Europe January 2025,T2Gtravel,,,,,,2673981019,Sales Trip  Europe January 2025
,Global,Experience    ,Theglobalexperience@Gmail.Com,Customer,,,,,,3476861634,Sales Trip  Europe January 2025,Global Experience,,,,,,3476861634,Sales Trip  Europe January 2025
,More,Travel Agency   ,Moretraveltoday@Gmail.Com,Customer,,,,,,5162537817,Sales Trip  Europe January 2025,More Travel Agency,,,,,,5162537817,Sales Trip  Europe January 2025
,Dream,Vacations    ,Lc.Smith@Dreamvacations.Com,Customer,,,,,,0,Sales Trip  Europe January 2025,Dream Vacations,,,,,,,Sales Trip  Europe January 2025
,Connor,Md    ,Marina.Rogova@Connormd.Com,Customer,,,,,,2129882800,Sales Trip  Europe January 2025,Connor Md,,,,,,2129882800,Sales Trip  Europe January 2025
,Lawyers,Travel    ,Cgsh@Lawyerstravel.Com,Customer,,,,,,2122253590,Sales Trip  Europe January 2025,Lawyers Travel,,,,,,2122253590,Sales Trip  Europe January 2025
,Rubalika Safari ,Lodge&Farm   ,Rubalikaapsl@Gmail.Com,Customer,,,,,,256709722596,Sales Trip  Europe January 2025,Rubalika Safari Lodge&Farm,,,,,,2.5671E+11,Sales Trip  Europe January 2025
,Kange,Safaris    ,Info@Kangesafaris.Com,Customer,,,,,,256702032007,Sales Trip  Europe January 2025,Kange Safaris,,,,,,2.56702E+11,Sales Trip  Europe January 2025
,Pilgrim'S,Progress    ,"Lynettepilgri,.Com",Customer,,,,,,6466411519,Sales Trip  Europe January 2025,Pilgrim'S Progress,,,,,,6466411519,Sales Trip  Europe January 2025
,Travelina,World    ,Elina@Travelina-World.Com,Customer,,,,,,9086928888,Sales Trip  Europe January 2025,Travelina World,,,,,,9086928888,Sales Trip  Europe January 2025
,Miranda,Vacations    ,Christinem@Mirandavacations.Com,Customer,,,,,,18606317601,Sales Trip  Europe January 2025,Miranda Vacations,,,,,,18606317601,Sales Trip  Europe January 2025
,State,University Of New York ,Slywise@Gmail.Com,Customer,,,,,,5162441678,Sales Trip  Europe January 2025,State University Of New York,,,,,,5162441678,Sales Trip  Europe January 2025
,Timeless,Sightseeing Tours   ,-,Customer,,,,,,19292589625,Sales Trip  Europe January 2025,Timeless Sightseeing Tours,,,,,,19292589625,Sales Trip  Europe January 2025
,Passionate,Travel Inc.   ,Www.Passonatetravelinc.Com,Customer,,,,,,8008907492,Sales Trip  Europe January 2025,Passionate Travel Inc.,,,,,,8008907492,Sales Trip  Europe January 2025
,University,Of East Lodon  ,B.Auwal@Uel.Ac.Uk,Customer,,,,,,442082237743,Sales Trip  Europe January 2025,University Of East Lodon,,,,,,4.42082E+11,Sales Trip  Europe January 2025
,Goway,    ,Shirley@Goway.Com,Customer,,,,,,8003878850,Sales Trip  Canada & USA October  2025,Goway,,,,,,8003878850,Sales Trip  Canada & USA October  2025
,Goway,    ,Angelad@Goway.Com,Customer,,,,,,800387885,Sales Trip  Canada & USA October  2025,Goway,,,,,,800387885,Sales Trip  Canada & USA October  2025
,Excursion,Insurance    ,Ken@Excursioninsurance.Com,Customer,,,,,,305512059,Sales Trip  Canada & USA October  2025,Excursion Insurance,,,,,,305512059,Sales Trip  Canada & USA October  2025
,Silver,Sea    ,Beatrice@Silversea.Com,Customer,,,,,,37799994793,Sales Trip  Canada & USA October  2025,Silver Sea,,,,,,37799994793,Sales Trip  Canada & USA October  2025
,Big,Bus Tours   ,Adama@Bigbustours.Com,Customer,,,,,,971507703238,Sales Trip  Canada & USA October  2025,Big Bus Tours,,,,,,9.71508E+11,Sales Trip  Canada & USA October  2025
,Visit,Mobile Alabama   ,Dclark@Mobile.Org,Customer,,,,,,2512082000,Sales Trip  Canada & USA October  2025,Visit Mobile Alabama,,,,,,2512082000,Sales Trip  Canada & USA October  2025
,Msc,Cruises    ,Virginia.Grimaldi@Mscrewsservices.Com,Customer,,,,,,390815344300,Sales Trip  Canada & USA October  2025,Msc Cruises,,,,,,3.90815E+11,Sales Trip  Canada & USA October  2025
,Msc,Cruises    ,Marisa.Mulhearn@Msccruisesusa.Com,Customer,,,,,,9549581058,Sales Trip  Canada & USA October  2025,Msc Cruises,,,,,,9549581058,Sales Trip  Canada & USA October  2025
,Norwegian,Cruise Line   ,Jmarmanillo@Nclcorp.Com,Customer,,,,,,3054364023,Sales Trip  Canada & USA October  2025,Norwegian Cruise Line,,,,,,3054364023,Sales Trip  Canada & USA October  2025
,Blue,Destination Services   ,Nichole@Bluesvg.Com,Customer,,,,,,7844540203,Sales Trip  Canada & USA October  2025,Blue Destination Services,,,,,,7844540203,Sales Trip  Canada & USA October  2025
,Cox,And Company Ltd  ,Sbeaubrun@Coxcoltd.Com,Customer,,,,,,7582852922,Sales Trip  Canada & USA October  2025,Cox And Company Ltd,,,,,,7582852922,Sales Trip  Canada & USA October  2025
,Aida,    ,Pia.Winkelmann.Aida.De,Customer,,,,,,493814447674,Sales Trip  Canada & USA October  2025,Aida,,,,,,4.93814E+11,Sales Trip  Canada & USA October  2025
,Soleyl,Tours And Travel  ,Info@Soleyltours.Com,Customer,,,,,,713229189,Magical Kenya Expo 2025,Soleyl Tours And Travel,,,,,,713229189,Magical Kenya Expo 2025
,Ceilo,Adventures    ,Info@Ceiloadventures.Com,Customer,,,,,,254703856857,Magical Kenya Expo 2025,Ceilo Adventures,,,,,,2.54704E+11,Magical Kenya Expo 2025
,Star,Vacations    ,Rupak@Starvacation.In,Customer,,,,,,919811501291,Magical Kenya Expo 2025,Star Vacations,,,,,,9.19812E+11,Magical Kenya Expo 2025
,Lake,Nakuru    ,Kathy@Lakenakurulodge.Org,Customer,,,,,,704813772,Magical Kenya Expo 2025,Lake Nakuru,,,,,,704813772,Magical Kenya Expo 2025
,Becker,& Friends   ,Info@Becker-And-Friends.De,Customer,,,,,,491728251111,Magical Kenya Expo 2025,Becker & Friends,,,,,,4.91728E+11,Magical Kenya Expo 2025
,Medical,Doctor    ,Michellegathecha@Gmail.Com,Customer,,,,,,254717840355,Magical Kenya Expo 2025,Medical Doctor,,,,,,2.54718E+11,Magical Kenya Expo 2025
,Gypsy,Soul Holidays   ,Ashmidharia@Gypysysoulholidays.Com,Customer,,,,,,919820782087,Magical Kenya Expo 2025,Gypsy Soul Holidays,,,,,,9.19821E+11,Magical Kenya Expo 2025
,Stubborn,Mule Travel   ,Kelly@Stubbornmuletravel.Com,Customer,,,,,,1728752751,Magical Kenya Expo 2025,Stubborn Mule Travel,,,,,,1728752751,Magical Kenya Expo 2025
,Nationalm,Commission Innovation   ,Mildred.Mugambi@Nacosti.Go.Ke,Customer,,,,,,2544007590,Magical Kenya Expo 2025,Nationalm Commission Innovation,,,,,,2544007590,Magical Kenya Expo 2025
,Aa,Kenya    ,Aadestinations@Aakenya.Co.Ke,Customer,,,,,,716096172,Magical Kenya Expo 2025,Aa Kenya,,,,,,716096172,Magical Kenya Expo 2025
,Moka,Travels    ,Mokaplazola1@Gmail.Com,Customer,,,,,,3331614294,Magical Kenya Expo 2025,Moka Travels,,,,,,3331614294,Magical Kenya Expo 2025
,Tabi,    ,Info@Tabitanzania.Com,Customer,,,,,,255681836696,Magical Kenya Expo 2025,Tabi,,,,,,2.55682E+11,Magical Kenya Expo 2025
,Karan,Africa    ,Frono@Karanafrica.Com ,Customer,,,,,,254726146029,Magical Kenya Expo 2025,Karan Africa,,,,,,2.54726E+11,Magical Kenya Expo 2025
,Bush,Wonderers    ,Info@Bushwonderers.Com,Customer,,,,,,256706539429,Magical Kenya Expo 2025,Bush Wonderers,,,,,,2.56707E+11,Magical Kenya Expo 2025
,Ignite,Trade Africa   ,Kezy@Ignitetradeafrica.Com,Customer,,,,,,254700761110,Magical Kenya Expo 2025,Ignite Trade Africa,,,,,,2.54701E+11,Magical Kenya Expo 2025
,Lt,Travel Design   ,Linda@Lttraveldesign.Com,Customer,,,,,,5073668823,Magical Kenya Expo 2025,Lt Travel Design,,,,,,5073668823,Magical Kenya Expo 2025
,Afrikanka,Kenya Ltd   ,Operations@Wildafrica.Us,Customer,,,,,,254708189528,Magical Kenya Expo 2025,Afrikanka Kenya Ltd,,,,,,2.54708E+11,Magical Kenya Expo 2025
,Taylormade,Travel    ,Info2Taylormade-Travel.Net,Customer,,,,,,491722471962,Magical Kenya Expo 2025,Taylormade Travel,,,,,,4.91722E+11,Magical Kenya Expo 2025
,Arusha,Tanzania    ,Dianaminja@Gmail.Com,Customer,,,,,,255762008009,Magical Kenya Expo 2025,Arusha Tanzania,,,,,,2.55762E+11,Magical Kenya Expo 2025
,Mama,Africa Safaris   ,Info@Mamaafricasafaris.Co.Tz,Customer,,,,,,255754308730,Magical Kenya Expo 2025,Mama Africa Safaris,,,,,,2.55754E+11,Magical Kenya Expo 2025
,Corporate,Air    ,Bookings@Corporate.Aero,Customer,,,,,,260965037434,Magical Kenya Expo 2025,Corporate Air,,,,,,2.60965E+11,Magical Kenya Expo 2025
,Serengetti,Wilderness Camo   ,Info@Serengetiwildernesscamps.Com,Customer,,,,,,255710842466,Magical Kenya Expo 2025,Serengetti Wilderness Camo,,,,,,2.55711E+11,Magical Kenya Expo 2025
,African,Hartebeest Safaris Ltd  ,Sales@Africanhartebeest.Com,Customer,,,,,,254722821302,Magical Kenya Expo 2025,African Hartebeest Safaris Ltd,,,,,,2.54723E+11,Magical Kenya Expo 2025
,Mozio,    ,Nicole@Mozio.Com,Customer,,,,,,34601367518,Magical Kenya Expo 2025,Mozio,,,,,,34601367518,Magical Kenya Expo 2025
,Robben,Island Musuem   ,Siphuxolom@Robben-Island.Org.Za,Customer,,,,,,27670230819,Magical Kenya Expo 2025,Robben Island Musuem,,,,,,27670230819,Magical Kenya Expo 2025
,Memima,Ltd    ,Info@Memimaltd.Co.Ke,Customer,,,,,,254723348942,Magical Kenya Expo 2025,Memima Ltd,,,,,,2.54723E+11,Magical Kenya Expo 2025
,Boyang,Group    ,Travelandtours@Boyanggape.Co.Za,Customer,,,,,,27114655053,Magical Kenya Expo 2025,Boyang Group,,,,,,27114655053,Magical Kenya Expo 2025
,In-Africa,Link    ,Info@Inafricalink.Com,Customer,,,,,,255769049706,Magical Kenya Expo 2025,In-Africa Link,,,,,,2.55769E+11,Magical Kenya Expo 2025
,In-Africa,Link    ,Info@Inafricalink.Com,Customer,,,,,,255710380283,Magical Kenya Expo 2025,In-Africa Link,,,,,,2.5571E+11,Magical Kenya Expo 2025
,Royal,Tulip    ,Sales3@Rtcanaannairobi.Com,Customer,,,,,,254780977766,Magical Kenya Expo 2025,Royal Tulip,,,,,,2.54781E+11,Magical Kenya Expo 2025
,Golden,Tulip Uganda   ,Sales1@Gtcanaankampala.Com,Customer,,,,,,256779698248,Magical Kenya Expo 2025,Golden Tulip Uganda,,,,,,2.5678E+11,Magical Kenya Expo 2025
,Private,Safaris    ,Catherine.Njoroge@Privatesafaris.Co.Ke,Customer,,,,,,254203607000,Magical Kenya Expo 2025,Private Safaris,,,,,,2.54204E+11,Magical Kenya Expo 2025
,Hi,Venture    ,Hilventure@Gmail.Com,Customer,,,,,,255765870447,Magical Kenya Expo 2025,Hi Venture,,,,,,2.55766E+11,Magical Kenya Expo 2025
,The,Cocoa Collection   ,Sales-Nbo@Cocoacollectionhotels.Com,Customer,,,,,,254755123275,Magical Kenya Expo 2025,The Cocoa Collection,,,,,,2.54755E+11,Magical Kenya Expo 2025
,Safaris,For Africa   ,Info@Safarisforafrica.Com,Customer,,,,,,27635596726,Magical Kenya Expo 2025,Safaris For Africa,,,,,,27635596726,Magical Kenya Expo 2025
,Thrills,Pills Tours   ,Info@Thrillspillstours.Com,Customer,,,,,,748762597,Magical Kenya Expo 2025,Thrills Pills Tours,,,,,,748762597,Magical Kenya Expo 2025
,Buja,Tours    ,Jabu@Bujatours.Com,Customer,,,,,,27727622510,Magical Kenya Expo 2025,Buja Tours,,,,,,27727622510,Magical Kenya Expo 2025
,Spotless,Travels    ,Mary@Spotlesstravel.Com,Customer,,,,,,233544923235,Magical Kenya Expo 2025,Spotless Travels,,,,,,2.33545E+11,Magical Kenya Expo 2025
,Global,Tours And Safaris  ,Globaltoursandsafaris@Telus.Nt,Customer,,,,,,17788383686,Magical Kenya Expo 2025,Global Tours And Safaris,,,,,,17788383686,Magical Kenya Expo 2025
,Destinations-Connect,    ,Holidays@Destinations-Connect.Com,Customer,,,,,,254718290642,Magical Kenya Expo 2025,Destinations-Connect,,,,,,2.54718E+11,Magical Kenya Expo 2025
,Safari,Box Adventures   ,Safariboxadventures@Gmail.Com,Customer,,,,,,255742469027,Magical Kenya Expo 2025,Safari Box Adventures,,,,,,2.55742E+11,Magical Kenya Expo 2025
,Lowen,Touristik    ,Info@Loewentouristik.De,Customer,,,,,,4901725363580,ITB  Berlin 2025,Lowen Touristik,,,,,,4.90173E+12,ITB  Berlin 2025
,Accka,    ,Lenka.Fidranska@Accka.Cz,Customer,,,,,,420776276797,ITB  Berlin 2025,Accka,,,,,,4.20776E+11,ITB  Berlin 2025
,Fly,& Help Travel  ,Jessina.Kunkel@Fh-Travel.De,Customer,,,,,,21473489548,ITB  Berlin 2025,Fly & Help Travel,,,,,,21473489548,ITB  Berlin 2025
,Tandila,Travel Gmbh   ,Reinhard.Springer@Tandila-Travel.Com,Customer,,,,,,491739362112,ITB  Berlin 2025,Tandila Travel Gmbh,,,,,,4.91739E+11,ITB  Berlin 2025
,Tourism,Mediation    ,Post@Tourism-Mediation.Net,Customer,,,,,,4922479159184,ITB  Berlin 2025,Tourism Mediation,,,,,,4.92248E+12,ITB  Berlin 2025
,Kensington,    ,Vivian.Wong@Kensingtontours.Com,Customer,,,,,,14372278503,ITB  Berlin 2025,Kensington,,,,,,14372278503,ITB  Berlin 2025
,My,African World   ,Reisen@Africanworld.De ,Customer,,,,,,49211302069111,ITB  Berlin 2025,My African World,,,,,,4.92113E+13,ITB  Berlin 2025
,Gn,Tourisrik    ,G.Nestler@Gntouristik.At,Customer,,,,,,436644255460,ITB  Berlin 2025,Gn Tourisrik,,,,,,4.36644E+11,ITB  Berlin 2025
,Diamir,Erlebisreisen    ,T.Thadewaldt@Diamir.De,Customer,,,,,,4935131207269,ITB  Berlin 2025,Diamir Erlebisreisen,,,,,,4.93513E+12,ITB  Berlin 2025
,Baradia,Holidays Pvt Ltd  ,Vinodh@Baradiaholidays.Com,Customer,,,,,,919894148383,ITB  Berlin 2025,Baradia Holidays Pvt Ltd,,,,,,9.19894E+11,ITB  Berlin 2025
,Eurotours,International    ,Andrea.Kiening@Eurotours.At,Customer,,,,,,435356606512,ITB  Berlin 2025,Eurotours International,,,,,,4.35357E+11,ITB  Berlin 2025
,Cosmos,Travel    ,Uzunov@Cosmostravel.Bg,Customer,,,,,,359884218826,ITB  Berlin 2025,Cosmos Travel,,,,,,3.59884E+11,ITB  Berlin 2025
,Akwaba,Trave; Gmbh   ,Johannes.Soeder@Akwaba-Afrika.De,Customer,,,,,,4934122387162,ITB  Berlin 2025,Akwaba Trave; Gmbh,,,,,,4.93412E+12,ITB  Berlin 2025
,Afri-Contact,Travel    ,Luc.Hounsinou@Afri-Contact.Travel,Customer,,,,,,2290148668888,ITB  Berlin 2025,Afri-Contact Travel,,,,,,2.29015E+12,ITB  Berlin 2025
,Petit,Fute    ,Info@Petitefute.Com,Customer,,,,,,33750641435,ITB  Berlin 2025,Petit Fute,,,,,,33750641435,ITB  Berlin 2025
,Kel,12,Chiara.Rizzi@Kel12.Com,Customer,,,,,,390228181148,ITB  Berlin 2025,Kel 12,,,,,,3.90228E+11,ITB  Berlin 2025
,Zaina,Lodge    ,Kojomensah@Zainalodge-Ghana.Com,Customer,,,,,,233303091170,ITB  Berlin 2025,Zaina Lodge,,,,,,2.33303E+11,ITB  Berlin 2025
,The,Royal Senchi   ,Gm@Theroyalsenchi.Com,Customer,,,,,,223303409170,ITB  Berlin 2025,The Royal Senchi,,,,,,2.23303E+11,ITB  Berlin 2025
,Darel,Kaid    ,Reservation@Darelkaid.Com,Customer,,,,,,212522202384,ITB  Berlin 2025,Darel Kaid,,,,,,2.12522E+11,ITB  Berlin 2025
,Alizes,Travel    ,Rayan.Madih@Alizestravel.Com,Customer,,,,,,212522276000,ITB  Berlin 2025,Alizes Travel,,,,,,2.12522E+11,ITB  Berlin 2025
,Atlantic,Travel    ,Jr@Atlantictravel.Lv,Customer,,,,,,37129334450,ITB  Berlin 2025,Atlantic Travel,,,,,,37129334450,ITB  Berlin 2025
,On,Show    ,Amanda@Onshowsolutions.Co.Za,Customer,,,,,,27114314126,ITB  Berlin 2025,On Show,,,,,,27114314126,ITB  Berlin 2025
,On,Show    ,Jacqui@Onshowsolutions.Co.Za,Customer,,,,,,27724788310,ITB  Berlin 2025,On Show,,,,,,27724788310,ITB  Berlin 2025
,Take,Break Holidays India  ,Bala@Takeabreakholidaysindia.Com,Customer,,,,,,914443054008,ITB  Berlin 2025,Take Break Holidays India,,,,,,9.14443E+11,ITB  Berlin 2025
,Big,Foot Tours   ,Reservations@Bigfoottours.Co.Bw,Customer,,,,,,2673953360,ITB  Berlin 2025,Big Foot Tours,,,,,,2673953360,ITB  Berlin 2025
,Hakce,Folk Village   ,Hakecefolkvillage@Gmail.Com,Customer,,,,,,85254939943,ITB  Berlin 2025,Hakce Folk Village,,,,,,85254939943,ITB  Berlin 2025
,Squamater,Safaris    ,Squamatersafaris@Gmail.Com,Customer,,,,,,26773359060,ITB  Berlin 2025,Squamater Safaris,,,,,,26773359060,ITB  Berlin 2025
,Heritage,Tours    ,Info@Heritagetoursagency.Com,Customer,,,,,,972406011535,ITB  Berlin 2025,Heritage Tours,,,,,,9.72406E+11,ITB  Berlin 2025
,Emc,Tur    ,Emrahugursal@Emctur.Com,Customer,,,,,,905324810426,ITB  Berlin 2025,Emc Tur,,,,,,9.05325E+11,ITB  Berlin 2025
,Fairfest,Media Limited   ,Tarique@Fairfest.In,Customer,,,,,,919831075090,ITB  Berlin 2025,Fairfest Media Limited,,,,,,9.19831E+11,ITB  Berlin 2025
,Isi,Turkiye    ,Isiturkiye@Gmail.Com,Customer,,,,,,905334759462,ITB  Berlin 2025,Isi Turkiye,,,,,,9.05335E+11,ITB  Berlin 2025
,Rate,Hawk    ,Wael.Mahdy@Ratehawk.Com,Customer,,,,,,201005162707,ITB  Berlin 2025,Rate Hawk,,,,,,2.01005E+11,ITB  Berlin 2025
,Schorfheidetouren,    ,Info@Schorfheidetouren.De,Customer,,,,,,1736104400,ITB  Berlin 2025,Schorfheidetouren,,,,,,1736104400,ITB  Berlin 2025
,Antelope,Safaris    ,Reservations3@Antelopesafaris.Co.Tz,Customer,,,,,,255677094507,ITB  Berlin 2025,Antelope Safaris,,,,,,2.55677E+11,ITB  Berlin 2025
,Wildroc,Travels    ,Info@Wildroctravels.Com,Customer,,,,,,658475191,ITB  Berlin 2025,Wildroc Travels,,,,,,658475191,ITB  Berlin 2025
,Lamp,Travel    ,Fredixyz@Gmail.Com,Customer,,,,,,223264628582,ITB  Berlin 2025,Lamp Travel,,,,,,2.23265E+11,ITB  Berlin 2025
,President,Tours    ,Jeffreyson@Presidenttours.Com.Hk,Customer,,,,,,85223694808,ITB  Berlin 2025,President Tours,,,,,,85223694808,ITB  Berlin 2025
,Diskovera,    ,Management@Diskovera.Com,Customer,,,,,,6285792278872,ITB  Berlin 2025,Diskovera,,,,,,6.28579E+12,ITB  Berlin 2025
,Discova,    ,Nicoline.Dolman@Discova.Com,Customer,,,,,,628123808110,ITB  Berlin 2025,Discova,,,,,,6.28124E+11,ITB  Berlin 2025
,China,Topview Holiday Travel And Trade,Thalia-Luo@Cntvh.Com,Customer,,,,,,8610644466020,ITB  Berlin 2025,China Topview Holiday Travel And Trade,,,,,,8.61064E+12,ITB  Berlin 2025
,Egyptian,Int. Tours   ,Gm@Egypteitours.Com,Customer,,,,,,201012976701,ITB  Berlin 2025,Egyptian Int. Tours,,,,,,2.01013E+11,ITB  Berlin 2025
,Egypt,Nile Cruise   ,Christina.Namzy@Nile-Aviation.Fr,Customer,,,,,,33145430020,ITB  Berlin 2025,Egypt Nile Cruise,,,,,,33145430020,ITB  Berlin 2025
,Amazing,Asia Travel And Tours ,Sha@Amazingasiatravels.Com,Customer,,,,,,9607773816,ITB  Berlin 2025,Amazing Asia Travel And Tours,,,,,,9607773816,ITB  Berlin 2025
,Amazing,Asia Travel And Tours ,Minzie@Amazingasiatravels.Com,Customer,,,,,,9607944492,ITB  Berlin 2025,Amazing Asia Travel And Tours,,,,,,9607944492,ITB  Berlin 2025
,Royal,Silk Holidays   ,Supi@Royalsilkholidays.Com,Customer,,,,,,66877894953,ITB  Berlin 2025,Royal Silk Holidays,,,,,,66877894953,ITB  Berlin 2025
,China,Topview Holiday Travel And Trade,Dora_An@Cntvh.Com,Customer,,,,,,8610644466020,ITB  Berlin 2025,China Topview Holiday Travel And Trade,,,,,,8.61064E+12,ITB  Berlin 2025
,My,Tripology    ,Jessica.Soenandar@Mytripology.Com,Customer,,,,,,622138934018,ITB  Berlin 2025,My Tripology,,,,,,6.22139E+11,ITB  Berlin 2025
,Pegasus,Travel & Tours  ,Dennis@Pegasustravels.Net,Customer,,,,,,60342602690,ITB  Berlin 2025,Pegasus Travel & Tours,,,,,,60342602690,ITB  Berlin 2025
,Crown,Dmc    ,Tony@Crowndmc.Com,Customer,,,,,,8613801211578,ITB  Berlin 2025,Crown Dmc,,,,,,8.6138E+12,ITB  Berlin 2025
,China,Adventure Travel   ,Helenpan@Chinaadventureltd.Com,Customer,,,,,,862083312845,ITB  Berlin 2025,China Adventure Travel,,,,,,8.62083E+11,ITB  Berlin 2025
,China,Adventure Travel   ,Williamsu@Chinaadventureltd.Com,Customer,,,,,,8613602731892,ITB  Berlin 2025,China Adventure Travel,,,,,,8.6136E+12,ITB  Berlin 2025
,Inzozi,Tours & Travels  ,Dinakezio@Gmail.Com,Customer,,,,,,250788565515,ITB  Berlin 2025,Inzozi Tours & Travels,,,,,,2.50789E+11,ITB  Berlin 2025
,Satguru,Dmc    ,Holidays.Rwanda@Satguruholidays.Com,Customer,,,,,,250737313277,ITB  Berlin 2025,Satguru Dmc,,,,,,2.50737E+11,ITB  Berlin 2025
,Prideinn,Flamingo Beach Resort & Spa,Gm@Flamingobeach.Co.Ke,Customer,,,,,,254709837000,ITB  Berlin 2025,Prideinn Flamingo Beach Resort & Spa,,,,,,2.5471E+11,ITB  Berlin 2025
,Safin:,Tours & Safaris  ,Info@Zanzibarsafinatours.Com,Customer,,,,,,255777417879,ITB  Berlin 2025,Safin: Tours & Safaris,,,,,,2.55777E+11,ITB  Berlin 2025
,Nature,Travel    ,Gasser@Naturetravelegypt.Com,Customer,,,,,,201221063048,ITB  Berlin 2025,Nature Travel,,,,,,2.01221E+11,ITB  Berlin 2025
,Zan,Bottom: Tours & Safaris ,Info@Zanbottomtours.Com,Customer,,,,,,255777002676,ITB  Berlin 2025,Zan Bottom: Tours & Safaris,,,,,,2.55777E+11,ITB  Berlin 2025
,Superzajezdy.Cz,    ,Tadeas.Adamek@Superzajezdy.Cz,Customer,,,,,,420272743981,Sales Trip: Prague Czech Republic 2025,Superzajezdy.Cz,,,,,,4.20273E+11,Sales Trip: Prague Czech Republic 2025
,Superzajezdy.Cz,    ,Pavla.Adamkova@Superzajezdy.Cz,Customer,,,,,,420777606091,Sales Trip: Prague Czech Republic 2025,Superzajezdy.Cz,,,,,,4.20778E+11,Sales Trip: Prague Czech Republic 2025
,Axamit:,Events.Conf.Travels    ,Hana.Bartuskova@Axamit.Cz,Customer,,,,,,420606093128,Sales Trip: Prague Czech Republic 2025,Axamit: Events.Conf.Travels,,,,,,4.20606E+11,Sales Trip: Prague Czech Republic 2025
,Accka,    ,Sekretariat@Accka.Cz,Customer,,,,,,420602217375,Sales Trip: Prague Czech Republic 2025,Accka,,,,,,4.20602E+11,Sales Trip: Prague Czech Republic 2025
,Meta,Tour    ,Daniel@Metatour.Cz,Customer,,,,,,420727990523,Sales Trip: Prague Czech Republic 2025,Meta Tour,,,,,,4.20728E+11,Sales Trip: Prague Czech Republic 2025
,Cedok,    ,Adam.Krnavek@Cedok.Cz,Customer,,,,,,420732243668,Sales Trip: Prague Czech Republic 2025,Cedok,,,,,,4.20732E+11,Sales Trip: Prague Czech Republic 2025
,Adventura,    ,"Andrea.Sedlackova@Adventura,Net",Customer,,,,,,420733507237,Sales Trip: Prague Czech Republic 2025,Adventura,,,,,,4.20734E+11,Sales Trip: Prague Czech Republic 2025
,Ck,Nova    ,Vancurova@Cknova.Ck,Customer,,,,,,42051521383,Sales Trip: Prague Czech Republic 2025,Ck Nova,,,,,,42051521383,Sales Trip: Prague Czech Republic 2025
,Gentura,L + R  ,Radomilvlk@Volny.Cz,Customer,,,,,,420222230050,Sales Trip: Prague Czech Republic 2025,Gentura L + R,,,,,,4.20222E+11,Sales Trip: Prague Czech Republic 2025
,Adventura,    ,Jirina.Sanova@Adventura.Cz,Customer,,,,,,420777186906,Sales Trip: Prague Czech Republic 2025,Adventura,,,,,,4.20777E+11,Sales Trip: Prague Czech Republic 2025
,Iit,Tours    ,M.Petrokova@Iitours.Cz,Customer,,,,,,420720742211,Sales Trip: Prague Czech Republic 2025,Iit Tours,,,,,,4.20721E+11,Sales Trip: Prague Czech Republic 2025
,Eso,Travel    ,Milan.Bezkocka@Esotravel.Cz,Customer,,,,,,420233377711,Sales Trip: Prague Czech Republic 2025,Eso Travel,,,,,,4.20233E+11,Sales Trip: Prague Czech Republic 2025
,Leones,Travel    ,Hana.Psenicna@Leones.Cz,Customer,,,,,,420602883884,Sales Trip: Prague Czech Republic 2025,Leones  Travel,,,,,,4.20603E+11,Sales Trip: Prague Czech Republic 2025
,Leones,Travel    ,Tomas.Endris@Leones.Cz,Customer,,,,,,420724676966,Sales Trip: Prague Czech Republic 2025,Leones  Travel,,,,,,4.20725E+11,Sales Trip: Prague Czech Republic 2025
,Metres:,Medica Travel   ,I.Svechotova@Metred.Cz,Customer,,,,,,420606608441,Sales Trip: Prague Czech Republic 2025,Metres: Medica Travel,,,,,,4.20607E+11,Sales Trip: Prague Czech Republic 2025
,Tensi,Holiday    ,Eszen@Tensi.Hu,Customer,,,,,,36704545535,Sales Trip: Prague Czech Republic 2025,Tensi Holiday,,,,,,36704545535,Sales Trip: Prague Czech Republic 2025
,Tensi,Holiday    ,Gtarnoczi@Tensi.Hu,Customer,,,,,,36704545840,Sales Trip: Prague Czech Republic 2025,Tensi Holiday,,,,,,36704545840,Sales Trip: Prague Czech Republic 2025
,Embassy,"Of Ghana, Prague  ",Consularprgh@Gmail.Com,Customer,,,,,,420774817203,Sales Trip: Prague Czech Republic 2025,"Embassy Of Ghana, Prague",,,,,,4.20775E+11,Sales Trip: Prague Czech Republic 2025
,Embassy,"Of Ghana, Prague  ",Dhorisdab@Gmail.Com,Customer,,,,,,420233357647,Sales Trip: Prague Czech Republic 2025,"Embassy Of Ghana, Prague",,,,,,4.20233E+11,Sales Trip: Prague Czech Republic 2025
,Augustine,"Hotel, Prague   ",Michal.Sadovsky@Luxurycollection.Com,Customer,,,,,,420266112233,Sales Trip: Prague Czech Republic 2025,"Augustine Hotel, Prague",,,,,,4.20266E+11,Sales Trip: Prague Czech Republic 2025
,Augustine,"Hotel, Prague   ",Augustine@Luxurycollection.Com,Customer,,,,,,420773112223,Sales Trip: Prague Czech Republic 2025,"Augustine Hotel, Prague",,,,,,4.20773E+11,Sales Trip: Prague Czech Republic 2025
,Women,Of Color   ,Info@Womenofcolorroar.Com,Customer,,,,,,4248880497,NAFSA Conference-San Diego May 25,Women Of Color,,,,,,4248880497,NAFSA Conference-San Diego May 25
,Global,Universty Sytems   ,Angela.Ahme@Gus.Global,Customer,,,,,,442081753300,NAFSA Conference-San Diego May 25,Global Universty Sytems,,,,,,4.42082E+11,NAFSA Conference-San Diego May 25
,Visamonk.Ai,    ,Hello@Visamonk.Ai,Customer,,,,,,9191706722439,NAFSA Conference-San Diego May 25,Visamonk.Ai,,,,,,9.19171E+12,NAFSA Conference-San Diego May 25
,Association,Of Int. Edu Administrations ,K.Rosenbaum@Aieaworld.Org,Customer,,,,,,,NAFSA Conference-San Diego May 25,Association Of Int. Edu Administrations,,,,,,,NAFSA Conference-San Diego May 25
,San,Diego State Uni.  ,Pyagi@Sdsu.Edu,Customer,,,,,,6195942475,NAFSA Conference-San Diego May 25,San Diego State Uni.,,,,,,6195942475,NAFSA Conference-San Diego May 25
,Career,Mosaic    ,Nirmal@Careermosaic.Org,Customer,,,,,,919825552169,NAFSA Conference-San Diego May 25,Career Mosaic,,,,,,9.19826E+11,NAFSA Conference-San Diego May 25
,Easters,Travel    ,Easterstravel@Gmail.Com,Customer,,,,,,6197778804,NAFSA Conference-San Diego May 25,Easters Travel,,,,,,6197778804,NAFSA Conference-San Diego May 25
,San,Diego State Uni.  ,Creynolds2@Sdsu.Edu,Customer,,,,,,6195941816,NAFSA Conference-San Diego May 25,San Diego State Uni.,,,,,,6195941816,NAFSA Conference-San Diego May 25
,San,Diego State Uni.  ,Jbaham@Sdsu.Edu,Customer,,,,,,6195945067,NAFSA Conference-San Diego May 25,San Diego State Uni.,,,,,,6195945067,NAFSA Conference-San Diego May 25
,Rice,    ,Silert@Rice.Edu,Customer,,,,,,7133487423,NAFSA Conference-San Diego May 25,Rice,,,,,,7133487423,NAFSA Conference-San Diego May 25
,8B,Educational Investments   ,Lydiah@8B.Finance,Customer,,,,,,19173243145,NAFSA Conference-San Diego May 25,8B Educational Investments,,,,,,19173243145,NAFSA Conference-San Diego May 25
,Florida,A&M University   ,Agnes.Coppin@Famu.Edu,Customer,,,,,,8505993568,NAFSA Conference-San Diego May 25,Florida A&M University,,,,,,8505993568,NAFSA Conference-San Diego May 25
,Global,Engagement Institute   ,Jonathan@Global-Engagement.Org,Customer,,,,,,9702946811,NAFSA Conference-San Diego May 25,Global Engagement Institute,,,,,,9702946811,NAFSA Conference-San Diego May 25
,Gooverseas,    ,Brynna@Gooverseas.Com,Customer,,,,,,,NAFSA Conference-San Diego May 25,Gooverseas,,,,,,,NAFSA Conference-San Diego May 25
,Gooverseas,    ,Partnerships@Gooverseas.Com,Customer,,,,,,,NAFSA Conference-San Diego May 25,Gooverseas,,,,,,,NAFSA Conference-San Diego May 25
,Enko,Education    ,Kate.Maghlakelidze@Enokoeducation.Com,Customer,,,,,,995599920008,NAFSA Conference-San Diego May 25,Enko Education,,,,,,9.956E+11,NAFSA Conference-San Diego May 25
,Infinite,Group    ,Raju.Datla@Infinitegroup.Org,Customer,,,,,,9188711999925,NAFSA Conference-San Diego May 25,Infinite Group,,,,,,9.18871E+12,NAFSA Conference-San Diego May 25
,Hampton,University    ,Alzainzee.Alzain@Hamptonu.Edu,Customer,,,,,,7572167981,NAFSA Conference-San Diego May 25,Hampton University,,,,,,7572167981,NAFSA Conference-San Diego May 25
,Aifs,Abroad    ,Mortiz@Aifs.Com,Customer,,,,,,4437761921,NAFSA Conference-San Diego May 25,Aifs Abroad,,,,,,4437761921,NAFSA Conference-San Diego May 25
,California,State University   ,Smccambr@Csusb.Edu,Customer,,,,,,9095373941,NAFSA Conference-San Diego May 25,California State University,,,,,,9095373941,NAFSA Conference-San Diego May 25
,California,State University   ,Arianna.Huhn@Csusb.Edu,Customer,,,,,,9095375907,NAFSA Conference-San Diego May 25,California State University,,,,,,9095375907,NAFSA Conference-San Diego May 25
,California,State University   ,Hlee55@Calstatela.Edu,Customer,,,,,,8885413852,NAFSA Conference-San Diego May 25,California State University,,,,,,8885413852,NAFSA Conference-San Diego May 25
,Freson,State    ,Jcao@Csufresno.Edu,Customer,,,,,,5592785386,NAFSA Conference-San Diego May 25,Freson State,,,,,,5592785386,NAFSA Conference-San Diego May 25
,Freson,State    ,Eddiewest@Csufresno.Edu,Customer,,,,,,5592782782,NAFSA Conference-San Diego May 25,Freson State,,,,,,5592782782,NAFSA Conference-San Diego May 25
,Berkeley,    ,Bisp@Berkeley.Edu,Customer,,,,,,,NAFSA Conference-San Diego May 25,Berkeley,,,,,,,NAFSA Conference-San Diego May 25
,Accent,Global    ,Zoey.Wilson@Accentglobal.Com,Customer,,,,,,390697998673,NAFSA Conference-San Diego May 25,Accent Global ,,,,,,3.90698E+11,NAFSA Conference-San Diego May 25
,Worldstrides,    ,Brandon.Youngman@Worldstrides.Com,Customer,,,,,,14342849706,NAFSA Conference-San Diego May 25,Worldstrides,,,,,,14342849706,NAFSA Conference-San Diego May 25
,Beyound,Abroad    ,Joonas@Beyoundabroad.Org,Customer,,,,,,358451700757,NAFSA Conference-San Diego May 25,Beyound Abroad,,,,,,3.58452E+11,NAFSA Conference-San Diego May 25
,Worldstrides,    ,Aeguiluz@Worldstrides.Com,Customer,,,,,,34629756482,NAFSA Conference-San Diego May 25,Worldstrides,,,,,,34629756482,NAFSA Conference-San Diego May 25
,Cal,State East Bay  ,Laura.Perry@Csaueastbay.Edu,Customer,,,,,,15108852107,NAFSA Conference-San Diego May 25,Cal State East Bay,,,,,,15108852107,NAFSA Conference-San Diego May 25
,Worldstrides,    ,Jennifer@Worldstrides.Com,Customer,,,,,,15713343929,NAFSA Conference-San Diego May 25,Worldstrides,,,,,,15713343929,NAFSA Conference-San Diego May 25
,San,Francisco State Uni  ,Mjackson@Sfsu.Edu,Customer,,,,,,4153383317,NAFSA Conference-San Diego May 25,San Francisco State Uni,,,,,,4153383317,NAFSA Conference-San Diego May 25
,San,Jose State University  ,Julie.Lucas@Sjsu.Edu,Customer,,,,,,4089246057,NAFSA Conference-San Diego May 25,San Jose State University,,,,,,4089246057,NAFSA Conference-San Diego May 25
,Cet,Academic Programs   ,Sjessee@Cetacademicprograms.Com,Customer,,,,,,2023497350,NAFSA Conference-San Diego May 25,Cet Academic Programs,,,,,,2023497350,NAFSA Conference-San Diego May 25
,California,State University   ,Roxana.Tunc@Csuci.Edu,Customer,,,,,,8054378970,NAFSA Conference-San Diego May 25,California State University,,,,,,8054378970,NAFSA Conference-San Diego May 25
,Baruch,College    ,Joseph.Onochio@Baruch.Cuny.Edu,Customer,,,,,,16463123483,NAFSA Conference-San Diego May 25,Baruch College,,,,,,16463123483,NAFSA Conference-San Diego May 25
,Florida,A&M University   ,Natalie.Word@Famu.Edu,Customer,,,,,,8505993295,NAFSA Conference-San Diego May 25,Florida A&M University,,,,,,8505993295,NAFSA Conference-San Diego May 25
,Borough,Of Manhattan Community College ,Kvo@Bmcc.Cuny.Edu,Customer,,,,,,2127766586,NAFSA Conference-San Diego May 25,Borough Of Manhattan Community College,,,,,,2127766586,NAFSA Conference-San Diego May 25
,Scholar,Trip    ,Christine.Lidstone@Scholartrip.Com,Customer,,,,,,9494249267,NAFSA Conference-San Diego May 25,Scholar Trip,,,,,,9494249267,NAFSA Conference-San Diego May 25
,Go,Abroad    ,Lyser.Gagarin@Goabroad.Com,Customer,,,,,,17205701702,NAFSA Conference-San Diego May 25,Go Abroad,,,,,,17205701702,NAFSA Conference-San Diego May 25
,Stanislaus,State    ,Bfentress@Csutan.Edu,Customer,,,,,,2096673395,NAFSA Conference-San Diego May 25,Stanislaus State,,,,,,2096673395,NAFSA Conference-San Diego May 25
,Stanislaus,State    ,Kkmiller@Csutan.Edu,Customer,,,,,,2096673407,NAFSA Conference-San Diego May 25,Stanislaus State,,,,,,2096673407,NAFSA Conference-San Diego May 25
,California,State University   ,Rwangui@Csudh.Edu,Customer,,,,,,3102433919,NAFSA Conference-San Diego May 25,California State University,,,,,,3102433919,NAFSA Conference-San Diego May 25
,Ciee,    ,Aparady@Ciee.Org,Customer,,,,,,12075534140,NAFSA Conference-San Diego May 25,Ciee,,,,,,12075534140,NAFSA Conference-San Diego May 25
,California,State University   ,Hsalhi@Csudh.Edu,Customer,,,,,,3102433786,NAFSA Conference-San Diego May 25,California State University,,,,,,3102433786,NAFSA Conference-San Diego May 25
,California,State University   ,Heidi.Zhang@Csulb.Edu,Customer,,,,,,5629854060,NAFSA Conference-San Diego May 25,California State University,,,,,,5629854060,NAFSA Conference-San Diego May 25
,Absa,Black Star Marathon  ,Blake.Boldon@Blackstarmarathon.Com,Customer,,,,,,12058215460,US Cards,Absa Black Star Marathon,,,,,,12058215460,US Cards
,Absa,Black Star Marathon  ,Eric.Adae@Blackstarmarathon.Com,Customer,,,,,,233244842424,US Cards,Absa Black Star Marathon,,,,,,2.33245E+11,US Cards
,Hampton,University    ,Jarris.Taylor@Hamptonu.Edu ,Customer,,,,,,7577286698,Sales Trip  Canada & USA October  2025,Hampton University,,,,,,7577286698,Sales Trip  Canada & USA October  2025
,Bbe,    ,Angela.Bethbros@Samoaonline.Ws,Customer,,,,,,6857133063,Seatrade Cruise Global 2025,Bbe,,,,,,6857133063,Seatrade Cruise Global 2025
,Tourvest,    ,Mmellaart@Tourvestdm.Com,Customer,,,,,,27875512907,Seatrade Cruise Global 2025,Tourvest,,,,,,27875512907,Seatrade Cruise Global 2025
,Magical,Cruise Company Ltd  ,Kofi.Aggrey@Disney.Com,Customer,,,,,,442082221000,Seatrade Cruise Global 2025,Magical Cruise Company Ltd,,,,,,4.42082E+11,Seatrade Cruise Global 2025
,Psaonline,    ,Eyoung@Psaonline.Com,Customer,,,,,,8002059464,Seatrade Cruise Global 2025,Psaonline,,,,,,8002059464,Seatrade Cruise Global 2025
,Ghana,Tourism Authority   ,Gilbert.Aggrey@Gta.Gov.Gh,Customer,,,,,,223302985069,Seatrade Cruise Global 2025,Ghana Tourism Authority,,,,,,2.23303E+11,Seatrade Cruise Global 2025
,Ghana,Tourism Authority   ,Gifty.Senanu@Gta.Gov.Gh,Customer,,,,,,233303313012,Seatrade Cruise Global 2025,Ghana Tourism Authority,,,,,,2.33303E+11,Seatrade Cruise Global 2025
,Silver,Sea    ,Beatricec@Silversea.Com,Customer,,,,,,330643918184,Seatrade Cruise Global 2025,Silver Sea,,,,,,3.30644E+11,Seatrade Cruise Global 2025
,Dnv,    ,Clarence.Kweku.Akuamo@Dnv.Com,Customer,,,,,,15626182718,Seatrade Cruise Global 2025,Dnv,,,,,,15626182718,Seatrade Cruise Global 2025
,Schmidt,Ocean Institute   ,Portcaptain@Schmidtocean.Org,Customer,,,,,,4255474030,Seatrade Cruise Global 2025,Schmidt Ocean Institute,,,,,,4255474030,Seatrade Cruise Global 2025
,Port,Miami    ,Debra.Owens@Miamidade.Gov,Customer,,,,,,3059605456,Seatrade Cruise Global 2025,Port Miami,,,,,,3059605456,Seatrade Cruise Global 2025
,Mol,Group    ,Sae.Ichikawa@Molgroup.Com,Customer,,,,,,818078042707,Seatrade Cruise Global 2025,Mol Group,,,,,,8.18078E+11,Seatrade Cruise Global 2025
,Azamara,Cruises    ,Karanibar@Azamara.Com,Customer,,,,,,,Seatrade Cruise Global 2025,Azamara Cruises,,,,,,,Seatrade Cruise Global 2025
,Azamara,Cruises    ,Sstoterau@Azamara.Com,Customer,,,,,,9548549721,Seatrade Cruise Global 2025,Azamara Cruises,,,,,,9548549721,Seatrade Cruise Global 2025
,Alizes,Travel    ,Madihj@Alizestraval.Com,Customer,,,,,,212522275863,Seatrade Cruise Global 2025,Alizes Travel,,,,,,2.12522E+11,Seatrade Cruise Global 2025
,Black,Meetings & Tourism  ,Bmandtmag@Aol.Com,Customer,,,,,,8186947830,Sales  Trip USA March 2024,Black Meetings & Tourism,,,,,,8186947830,Sales  Trip USA March 2024
,Awaze,Tours    ,Info@Awazetours.Com,Customer,,,,,,251911623376,Sales  Trip USA March 2024,Awaze Tours,,,,,,2.51912E+11,Sales  Trip USA March 2024
,New,Act Travel   ,Gwen.Alexander@Newacttravel.Com,Customer,,,,,,3102010808,Sales  Trip USA March 2024,New Act Travel,,,,,,3102010808,Sales  Trip USA March 2024
,Mosaic,Rhino Tours   ,Hparker@Mosaicrhinotours.Com,Customer,,,,,,8003478282,Sales  Trip USA March 2024,Mosaic Rhino Tours,,,,,,8003478282,Sales  Trip USA March 2024
,Great,Safaris    ,Daveh@Greatsafaris.Com,Customer,,,,,,8186372007,Sales  Trip USA March 2024,Great Safaris,,,,,,8186372007,Sales  Trip USA March 2024
,Arrangements,Abroad    ,Jim@Arrangementsabroad.Com,Customer,,,,,,2125148921,Sales  Trip USA March 2024,Arrangements Abroad,,,,,,2125148921,Sales  Trip USA March 2024
,Arrangements,Abroad    ,Shasson@Arrangementsabroad.Com,Customer,,,,,,8002211944,Sales  Trip USA March 2024,Arrangements Abroad,,,,,,8002211944,Sales  Trip USA March 2024
,Arrangements,Abroad    ,Sshetty@Arrangementsabroad.Com,Customer,,,,,,2123447493,Sales  Trip USA March 2024,Arrangements Abroad,,,,,,2123447493,Sales  Trip USA March 2024
,W.E.B,Du Bois Musuem  ,Ja@Webdmf.Org,Customer,,,,,,19176484652,Sales  Trip USA March 2024,W.E.B Du Bois Musuem ,,,,,,19176484652,Sales  Trip USA March 2024
,Alpha,Int. Travel   ,Colin@Alphatravel.Net,Customer,,,,,,9172878177,Sales  Trip USA March 2024,Alpha Int. Travel ,,,,,,9172878177,Sales  Trip USA March 2024
,Alpha,Int. Travel   ,Patricia@Alphatravel.Net,Customer,,,,,,2123392912,Sales  Trip USA March 2024,Alpha Int. Travel ,,,,,,2123392912,Sales  Trip USA March 2024
,Pacific,Holidays    ,Sarad@Pacificholidaysinc.Com,Customer,,,,,,2126293888,Sales  Trip USA March 2024,Pacific Holidays,,,,,,2126293888,Sales  Trip USA March 2024
,Pacific,Holidays    ,Sharon@Pacificholidaysinc.Com,Customer,,,,,,18003558025,Sales  Trip USA March 2024,Pacific Holidays,,,,,,18003558025,Sales  Trip USA March 2024
,San,Diego University   ,Mkiuchi@Sdsu.Edu,Customer,,,,,,6195943545,Sales  Trip USA September2024,San Diego University,,,,,,6195943545,Sales  Trip USA September2024
,San,Diego University   ,Esmartin@Sdsu.Edu,Customer,,,,,,6195941204,Sales  Trip USA September2024,San Diego University,,,,,,6195941204,Sales  Trip USA September2024
,Hot,Homes & Appartments  ,Hothomesandapts@Gmail.Com,Customer,,,,,,6469198167,Sales  Trip USA September2024,Hot Homes & Appartments,,,,,,6469198167,Sales  Trip USA September2024
,Visas,Abroad    ,Legal@Abroadscope.Co.Za,Customer,,,,,,214956227,WTM London 2024,Visas Abroad,,,,,,214956227,WTM London 2024
,Riya-,The Travel Expert  ,Raghunath.K@Riya.Travel,Customer,,,,,,918291281389,WTM London 2024,Riya- The Travel Expert,,,,,,9.18291E+11,WTM London 2024
,Noble,Caledonia    ,Jamesb@Noble-Caledonia.Co.Uk,Customer,,,,,,442077520019,WTM London 2024,Noble Caledonia,,,,,,4.42078E+11,WTM London 2024
,Noble,Caledonia    ,Rebecca@Noble-Caledonia.Co.Uk,Customer,,,,,,442077520000,WTM London 2024,Noble Caledonia,,,,,,4.42078E+11,WTM London 2024
,Z.,Boskovic Air Charters Ltd ,Bkanana@Flyboskies.Com,Customer,,,,,,254708047748,WTM London 2024,Z. Boskovic Air Charters Ltd,,,,,,2.54708E+11,WTM London 2024
,Working,Travel Group   ,Jburton@Workingtravelgroup.Com,Customer,,,,,,447884056904,WTM London 2024,Working Travel Group,,,,,,4.47884E+11,WTM London 2024
,Visas,Abroad    ,Candice@Visasabroad.Co.Za,Customer,,,,,,27815675588,WTM London 2024,Visas Abroad,,,,,,27815675588,WTM London 2024
,Zaha,Travels    ,Reservations@Zhatravels.Com,Customer,,,,,,9607683030,WTM London 2024,Zaha Travels,,,,,,9607683030,WTM London 2024
,Itaka,    ,Magdalena.Wiazek@Itaka.Pl,Customer,,,,,,48885992290,WTM London 2024,Itaka,,,,,,48885992290,WTM London 2024
,Cal,India Travel   ,Rahul@Calindia.Travel,Customer,,,,,,919412263054,WTM London 2024,Cal India Travel,,,,,,9.19412E+11,WTM London 2024
,Distant,Horizons Ltd   ,Info@Distant-Horizons.Com.Mt,Customer,,,,,,35679999941,WTM London 2024,Distant Horizons Ltd,,,,,,35679999941,WTM London 2024
,Quest,Voyager    ,Ian@Questvoyager.Com,Customer,,,,,,18889869225,WTM London 2024,Quest Voyager,,,,,,18889869225,WTM London 2024
,Adventures,Kuwait    ,Melanie@Adventureskw.Com,Customer,,,,,,96522412023,WTM London 2024,Adventures Kuwait,,,,,,96522412023,WTM London 2024
,Brown,Hill    ,Sales@Brown-Hillchauffeurs.Uk,Customer,,,,,,447361602551,WTM London 2024,Brown Hill,,,,,,4.47362E+11,WTM London 2024
,A.S.A,Worldwide Travel   ,Asaworldwidetravel@Outlook.Com,Customer,,,,,,7956412570,WTM London 2024,A.S.A Worldwide Travel,,,,,,7956412570,WTM London 2024
,A&S,Journeys    ,Sheri@Ansjourneys.Com ,Customer,,,,,,18442520415,WTM London 2024,A&S Journeys,,,,,,18442520415,WTM London 2024
,Baiana,    ,Katia@Baiana.Com,Customer,,,,,,39055242025,WTM London 2024,Baiana,,,,,,39055242025,WTM London 2024
,Mm,Travel    ,Info@Mmtravel.Bg,Customer,,,,,,35929803505,WTM London 2024,Mm Travel,,,,,,35929803505,WTM London 2024
,Cherry,Blossoms Holidays   ,Director@Cherryblossomholidays.Co.In,Customer,,,,,,919756400999,WTM London 2024,Cherry Blossoms Holidays,,,,,,9.19756E+11,WTM London 2024
,Golden,Beach Hotels   ,Nanadomtiekwakye@Gmail.Com,Customer,,,,,,233302215100,WTM London 2024,Golden Beach Hotels,,,,,,2.33302E+11,WTM London 2024
,Travel,Gateway    ,Info@Travelgateway.It,Customer,,,,,,393357018256,WTM London 2024,Travel Gateway,,,,,,3.93357E+11,WTM London 2024
,Masailand,    ,Bekoni@Masailandsafari.Com,Customer,,,,,,255713283251,WTM London 2024,Masailand,,,,,,2.55713E+11,WTM London 2024
,Culture,Holidays    ,Mohit.Khosla@Cultureholidays.Com,Customer,,,,,,31636075514,WTM London 2024,Culture Holidays,,,,,,31636075514,WTM London 2024
,Bali,Resort    ,Info@Thebaliresortzanzibar.Com,Customer,,,,,,,WTM London 2024,Bali Resort,,,,,,,WTM London 2024
,Canal,Grand Jet   ,Marta@Canalgrandejet.Com,Customer,,,,,,393272980193,WTM London 2024,Canal Grand Jet,,,,,,3.93273E+11,WTM London 2024
,Excelsior,    ,Franklin@Ma360Live.Com,Customer,,,,,,4042194380,WTM London 2024,Excelsior,,,,,,4042194380,WTM London 2024
,London,Vip Travel   ,Zara@Londonviptravel.Com,Customer,,,,,,447831512497,WTM London 2024,London Vip Travel,,,,,,4.47832E+11,WTM London 2024
,Aga,Tours    ,Hughie.Rose@Uw.Partners,Customer,,,,,,7940081651,WTM London 2024,Aga Tours,,,,,,7940081651,WTM London 2024
,Sms,Cruises    ,Ksaskovets@Smscruises.Com,Customer,,,,,,13052903000,Seatrade Cruise Global 2025,Sms Cruises,,,,,,13052903000,Seatrade Cruise Global 2025
,Inchcape,Shipping Services   ,Grant.Holmes@Iss-Shipping.Com,Customer,,,,,,97143038500,Seatrade Cruise Global 2025,Inchcape Shipping Services,,,,,,97143038500,Seatrade Cruise Global 2025
,Scenic:,Luxury Cruises & Tours ,Claudius.Docekal@Scenicusa.Com,Customer,,,,,,7547360943,Seatrade Cruise Global 2025,Scenic: Luxury Cruises & Tours,,,,,,7547360943,Seatrade Cruise Global 2025
,Noble,Caledonia    ,Jamesb@Noble-Caledonia.Co.Uk,Customer,,,,,,442077520019,Seatrade Cruise Global 2025,Noble Caledonia,,,,,,4.42078E+11,Seatrade Cruise Global 2025
,Club,Med    ,Ploughrin@Rccl.Com,Customer,,,,,,3055396802,Seatrade Cruise Global 2025,Club Med,,,,,,3055396802,Seatrade Cruise Global 2025
,Carnival,Corporation & Plc  ,Jscott1@Carnival.Com,Customer,,,,,,3053013971,Seatrade Cruise Global 2025,Carnival Corporation & Plc,,,,,,3053013971,Seatrade Cruise Global 2025
,Ponant,    ,Sdetracy@Ponant.Com,Customer,,,,,,33649115363,Seatrade Cruise Global 2025,Ponant,,,,,,33649115363,Seatrade Cruise Global 2025
,See,At Sea   ,Contact@Seeatsea.Fr,Customer,,,,,,590690192858,Seatrade Cruise Global 2025,See At Sea,,,,,,5.9069E+11,Seatrade Cruise Global 2025
,Silver,Sea    ,Carmenm@Silversea.Com,Customer,,,,,,9545224477,Seatrade Cruise Global 2025,Silver Sea,,,,,,9545224477,Seatrade Cruise Global 2025
,Emerging,Destinations    ,Jane@Emergingdestinations.Com,Customer,,,,,,14049936118,Seatrade Cruise Global 2025,Emerging Destinations,,,,,,14049936118,Seatrade Cruise Global 2025
,Wrmi,    ,Jeff@Wrmi.Net,Customer,,,,,,13055599764,Seatrade Cruise Global 2025,Wrmi,,,,,,13055599764,Seatrade Cruise Global 2025
,Approaches,Guide    ,Jennifer@Approachguides.Com,Customer,,,,,,19172136033,Seatrade Cruise Global 2023,Approaches Guide,,,,,,19172136033,Seatrade Cruise Global 2023
,Holland,America Group   ,Rsykes@Hollandamericagroup.Com,Customer,,,,,,2066268228,Seatrade Cruise Global 2023,Holland America Group,,,,,,2066268228,Seatrade Cruise Global 2023
,Bellegrove,Medical    ,Heike.Malakoff@Bellegrovemedical.Com,Customer,,,,,,2069636556,Seatrade Cruise Global 2023,Bellegrove Medical,,,,,,2069636556,Seatrade Cruise Global 2023
,Norwegian,Cruise Line   ,Gzalkin@Nclcorp.Com,Customer,,,,,,7865340116,Seatrade Cruise Global 2023,Norwegian Cruise Line,,,,,,7865340116,Seatrade Cruise Global 2023
,Norwegian,Cruise Line   ,Jpjoubert@Nclcorp.Com,Customer,,,,,,7865340123,Seatrade Cruise Global 2023,Norwegian Cruise Line,,,,,,7865340123,Seatrade Cruise Global 2023
,Gasnor,    ,Torfinn.Gaupaus@Gasnor.No,Customer,,,,,,4781520080,Seatrade Cruise Global 2023,Gasnor,,,,,,4781520080,Seatrade Cruise Global 2023
,Panomax,    ,Pedro@Panomax.Com,Customer,,,,,,43621420601,Seatrade Cruise Global 2023,Panomax,,,,,,43621420601,Seatrade Cruise Global 2023
,Gashtvan,    ,Info@Gashtvan.Com,Customer,,,,,,9644482058,ITB  Berlin 2023,Gashtvan,,,,,,9644482058,ITB  Berlin 2023
,Africanworld,Touristic    ,Reisen@Africanworld.De,Customer,,,,,,49211302069220,ITB  Berlin 2023,Africanworld Touristic,,,,,,4.92113E+13,ITB  Berlin 2023
,Livingstone,    ,Info@Livingstone.Cz,Customer,,,,,,420542214645,ITB  Berlin 2023,Livingstone,,,,,,4.20542E+11,ITB  Berlin 2023
,Matka,    ,Anna.Molander-Bry@Messukeskus.Com,Customer,,,,,,358408127566,ITB  Berlin 2023,Matka,,,,,,3.58408E+11,ITB  Berlin 2023
,The,Mhukahuru Collection   ,Info@Mhukahurutours.Com,Customer,,,,,,447476872829,ITB  Berlin 2023,The Mhukahuru Collection,,,,,,4.47477E+11,ITB  Berlin 2023
,Src,    ,K.Bakker@Srctravel.Nl,Customer,,,,,,31503663205,ITB  Berlin 2023,Src,,,,,,31503663205,ITB  Berlin 2023
,Flow,Africa    ,Justyna.Kepsa@Flowafrica.Pl,Customer,,,,,,48503959065,ITB  Berlin 2023,Flow Africa,,,,,,48503959065,ITB  Berlin 2023
,Istanbul,Med Assist   ,Riza.Durdu@Istanbulmedassist.Com,Customer,,,,,,905322747918,ITB  Berlin 2023,Istanbul Med Assist,,,,,,9.05323E+11,ITB  Berlin 2023
,A,& S Signature Journeys ,Shei@Ansjourneys.Com,Customer,,,,,,8442520415,ITB  Berlin 2023,A & S Signature Journeys,,,,,,8442520415,ITB  Berlin 2023
,Explore,360,Michal.Stefanowski@Explore360.Pl,Customer,,,,,,48508383588,ITB  Berlin 2023,Explore 360,,,,,,48508383588,ITB  Berlin 2023
,Kenya,Airways    ,Francis.Dick@Kenya-Airways.Com,Customer,,,,,,233307001333,ITB  Berlin 2023,Kenya Airways,,,,,,2.33307E+11,ITB  Berlin 2023
,Ghana,Tourism Authority   ,Dinaaduowusu@Yahoo.Com,Customer,,,,,,233342023209,ITB  Berlin 2023,Ghana Tourism Authority,,,,,,2.33342E+11,ITB  Berlin 2023
,Embassy,Of Ghana In Germany ,Maxwell.Nyarko@Mfa.Gov.Gh,Customer,,,,,,493054714961,ITB  Berlin 2023,Embassy Of Ghana In Germany,,,,,,4.93055E+11,ITB  Berlin 2023
,Embassy,Of Ghana In Germany ,Reina.Sackey@Mfa.Gov.Gh,Customer,,,,,,493054714940,ITB  Berlin 2023,Embassy Of Ghana In Germany,,,,,,4.93055E+11,ITB  Berlin 2023
,Labadi,Beach Hotel   ,Gaysi@Labadibeachhotelgh.Com,Customer,,,,,,233302772501,ITB  Berlin 2023,Labadi Beach Hotel,,,,,,2.33303E+11,ITB  Berlin 2023
,Gate,To Africa   ,Jana.Rostowski@Gate-To-Africa.De,Customer,,,,,,493012026044,ITB  Berlin 2023,Gate To Africa,,,,,,4.93012E+11,ITB  Berlin 2023
,Gate,To Africa   ,Info@Gate-To-Africa.De,Customer,,,,,,4917664775469,ITB  Berlin 2023,Gate To Africa,,,,,,4.91766E+12,ITB  Berlin 2023
,African,Adventure    ,Safaris@Africanadventure.Co.Ke,Customer,,,,,,254733572575,ITB  Berlin 2023,African Adventure,,,,,,2.54734E+11,ITB  Berlin 2023
,Sky,Gate    ,Murad@Skygatetours.Net,Customer,,,,,,96265699920,ITB  Berlin 2023,Sky Gate,,,,,,96265699920,ITB  Berlin 2023
,Anit,Tour    ,Ania@Anitour.Pl,Customer,,,,,,48322155225,ITB  Berlin 2023,Anit Tour,,,,,,48322155225,ITB  Berlin 2023
,Weston,Hotel    ,Afom@Westonhotel.Com,Customer,,,,,,254709995000,ITB  Berlin 2023,Weston Hotel,,,,,,2.5471E+11,ITB  Berlin 2023
,Anit,Tour    ,Franek@Anitour.Pl,Customer,,,,,,48601475120,ITB  Berlin 2023,Anit Tour,,,,,,48601475120,ITB  Berlin 2023
,Xtreme,Travel    ,Info@Xtreme-Travel.Com,Customer,,,,,,20224192881,ITB  Berlin 2023,Xtreme Travel,,,,,,20224192881,ITB  Berlin 2023
,Focused,Escapes    ,Amanda@Focusedescapes.Com,Customer,,,,,,212666261545,ITB  Berlin 2023,Focused Escapes,,,,,,2.12666E+11,ITB  Berlin 2023
,Distant,Horizons Ltd   ,Info@Distant-Horizons.Com.Mt,Customer,,,,,,35679999941,ITB  Berlin 2023,Distant Horizons Ltd,,,,,,35679999941,ITB  Berlin 2023
,Evintra,    ,At@Evinta.Com,Customer,,,,,,4915116503391,ITB  Berlin 2023,Evintra,,,,,,4.91512E+12,ITB  Berlin 2023
,One,Way Tours   ,Khaled@Onewaytourseg.Com,Customer,,,,,,223956180,ITB  Berlin 2023,One Way Tours,,,,,,223956180,ITB  Berlin 2023
,Egyptian,Travel Makers   ,Hossamhazzaa@Egyptiantravelmakers.Com,Customer,,,,,,201001588967,ITB  Berlin 2023,Egyptian Travel Makers,,,,,,2.01002E+11,ITB  Berlin 2023
,Sierra,Leon Nation Tourist Board ,T.Hannemann@Travelmarketing.De,Customer,,,,,,21186842592,ITB  Berlin 2023,Sierra Leon Nation Tourist Board,,,,,,21186842592,ITB  Berlin 2023
,Travel,Tours Africa   ,Info@Travelafricatours.Com,Customer,,,,,,251970396329,ITB  Berlin 2023,Travel Tours Africa,,,,,,2.5197E+11,ITB  Berlin 2023
,Holiday,Tours    ,Pawel@Holidaytours.Com.Pl,Customer,,,,,,48426303007,ITB  Berlin 2023,Holiday Tours,,,,,,48426303007,ITB  Berlin 2023
,Touch,Down: Travel Tech  ,Adelbert@Tdtaveltech.Com,Customer,,,,,,828534043,ITB  Berlin 2023,Touch Down: Travel Tech,,,,,,828534043,ITB  Berlin 2023
,Plantours,Kreuzfahrten    ,Info@Plantours-Kreuzfahrten.De,Customer,,,,,,421173690,ITB  Berlin 2023,Plantours Kreuzfahrten,,,,,,421173690,ITB  Berlin 2023
,Rail,Europe    ,Vcamusot@Raileurope.Com,Customer,,,,,,33646610882,ITB  Berlin 2023,Rail Europe,,,,,,33646610882,ITB  Berlin 2023
,Studiosus,    ,Tours@Studiosus.Com,Customer,,,,,,,ITB  Berlin 2023,Studiosus,,,,,,,ITB  Berlin 2023
,Clinic,Davinci    ,Rezzan@Clinicdavinci.Com,Customer,,,,,,902126690430,ITB  Berlin 2023,Clinic Davinci,,,,,,9.02127E+11,ITB  Berlin 2023
,Diamir,    ,T.Thadewaldt@Diamir.De,Customer,,,,,,4935131207,ITB  Berlin 2023,Diamir,,,,,,4935131207,ITB  Berlin 2023
,Dunya,Degismeden    ,Gencay.Gudul@Dunyadegiseden.Com,Customer,,,,,,902122966446,ITB  Berlin 2023,Dunya Degismeden,,,,,,9.02123E+11,ITB  Berlin 2023
,Adentures,Abroad    ,Ssearing@Adventures-Abroad.Com,Customer,,,,,,6042420949,ITB  Berlin 2023,Adentures Abroad,,,,,,6042420949,ITB  Berlin 2023
,Safari,Seekers    ,Tours@Safariseekersafrica.Com,Customer,,,,,,254733714244,ITB  Berlin 2023,Safari Seekers,,,,,,2.54734E+11,ITB  Berlin 2023
,Only,One Travel   ,Youse@Onlyone.Travel,Customer,,,,,,254794671153,ITB  Berlin 2023,Only One Travel,,,,,,2.54795E+11,ITB  Berlin 2023
,Only,One Travel   ,Cath@Onlyone.Travel,Customer,,,,,,,ITB  Berlin 2023,Only One Travel,,,,,,,ITB  Berlin 2023
,Geoplan,    ,P.Encinas@Geoplan.Net  ,Customer,,,,,,498974662558,ITB  Berlin 2023,Geoplan,,,,,,4.98975E+11,ITB  Berlin 2023
,Cibachrome,Travel    ,Ra.Azouaou@Cibachrome-Global.Com,Customer,,,,,,213661416709,ITB  Berlin 2023,Cibachrome Travel,,,,,,2.13661E+11,ITB  Berlin 2023
,Nature,Travel    ,Gasser@Naturetravelegypt.Com,Customer,,,,,,20693500391,ITB  Berlin 2023,Nature Travel,,,,,,20693500391,ITB  Berlin 2023
,Marko,Tours    ,Victor@Marko-Tours.Com,Customer,,,,,,972523526222,ITB  Berlin 2023,Marko Tours,,,,,,9.72524E+11,ITB  Berlin 2023
,Royan,Hotels    ,Firat.Gedikli@Radissonindividuals.Com,Customer,,,,,,902128926676,ITB  Berlin 2023,Royan Hotels,,,,,,9.02129E+11,ITB  Berlin 2023
,Stejos,Tours And Travels  ,Info@Stejostours.Com,Customer,,,,,,254729966767,ITB  Berlin 2023,Stejos Tours And Travels,,,,,,2.5473E+11,ITB  Berlin 2023
,Visit,Abroad    ,Himal@Vistabroadtravels.Com.Np,Customer,,,,,,9779861578444,ITB  Berlin 2023,Visit Abroad,,,,,,9.77986E+12,ITB  Berlin 2023
,Spice,Collection    ,Jochen@Spice-Collection.Com,Customer,,,,,,498945240535,ITB  Berlin 2023,Spice Collection,,,,,,4.98945E+11,ITB  Berlin 2023
,Ashanti,African Tours   ,Info@Africantours.Com,Customer,,,,,,447841577276,ITB  Berlin 2023,Ashanti African Tours,,,,,,4.47842E+11,ITB  Berlin 2023
,Saint,Ange    ,Alain@Saintange.Com.Au,Customer,,,,,,2482515615,ITB  Berlin 2023,Saint Ange,,,,,,2482515615,ITB  Berlin 2023
,Nova,Tour    ,Tourism@Novatour.Cv,Customer,,,,,,447916540818,WTM London 2023,Nova Tour,,,,,,4.47917E+11,WTM London 2023
,Jbt,Group- Marketing   ,C_Lengua402@Gmt.Jtb.Jp,Customer,,,,,,81357965431,WTM London 2023,Jbt Group- Marketing,,,,,,81357965431,WTM London 2023
,Tour,East Indonesia   ,Mahalia@Toureast.Net,Customer,,,,,,62361701996,WTM London 2023,Tour East Indonesia,,,,,,62361701996,WTM London 2023
,Tour,East- Japan Travel Bureau ,Eamadeus.My@Toureast.Net,Customer,,,,,,60321489800,WTM London 2023,Tour East- Japan Travel Bureau,,,,,,60321489800,WTM London 2023
,Uimaldives,    ,Sales@Uimaldives.Com,Customer,,,,,,9607792522,WTM London 2023,Uimaldives,,,,,,9607792522,WTM London 2023
,Butterfly,Vacation    ,Ajit@Butterflyvacation.Com,Customer,,,,,,94777121777,WTM London 2023,Butterfly Vacation,,,,,,94777121777,WTM London 2023
,Europe,Incoming    ,Mlazazzara@Europeincoming.It,Customer,,,,,,39065885137,WTM London 2023,Europe Incoming,,,,,,39065885137,WTM London 2023
,Europe,Incoming    ,James@Europeincoming.Co.Uk,Customer,,,,,,441506841620,WTM London 2023,Europe Incoming,,,,,,4.41507E+11,WTM London 2023
,Europe,Incoming    ,Dylan@Europeincoming.Co.Uk,Customer,,,,,,442037638504,WTM London 2023,Europe Incoming,,,,,,4.42038E+11,WTM London 2023
,Travel,Europe    ,Vanessa.Kessler@Traveleurope.Cc,Customer,,,,,,43524269004756,WTM London 2023,Travel Europe,,,,,,4.35243E+13,WTM London 2023
,Trunk,Travel    ,Steve@Trunk-Travel.Com,Customer,,,,,,66922729092,WTM London 2023,Trunk Travel,,,,,,66922729092,WTM London 2023
,Golden,Tulip    ,Gm@Goldentulipzanzibaraiport.Com,Customer,,,,,,255777222000,WTM London 2023,Golden Tulip,,,,,,2.55777E+11,WTM London 2023
,Tour,East Singapore   ,Dominic@Toureast.Net,Customer,,,,,,6591133214,WTM London 2023,Tour East Singapore,,,,,,6591133214,WTM London 2023
,Europe,Incoming    ,Staffan@Europeincoming.Co.Uk,Customer,,,,,,442089945001,WTM London 2023,Europe Incoming,,,,,,4.4209E+11,WTM London 2023
,88Destinations,    ,Abdullah@88Destinations.Com,Customer,,,,,,966554447070,WTM London 2023,88Destinations,,,,,,9.66554E+11,WTM London 2023
,Maya,Sky    ,Rony.Nolasco@Mayasky.Com.Gt,Customer,,,,,,50222080222,WTM London 2023,Maya Sky,,,,,,50222080222,WTM London 2023
,Asia,Bespoke Travel & Tour ,Karolina@Asiabespoketours.Com,Customer,,,,,,420720621081,WTM London 2023,Asia Bespoke Travel & Tour,,,,,,4.20721E+11,WTM London 2023
,Elite,Travel    ,Jelena.Ljubisic@Elite.Hr,Customer,,,,,,38520358802,WTM London 2023,Elite Travel,,,,,,38520358802,WTM London 2023
,Int'L,Wellness Tourism Expo  ,Sakura.Nakagawa@Rxglobal.Com,Customer,,,,,,817015669125,WTM London 2023,Int'L Wellness Tourism Expo,,,,,,8.17016E+11,WTM London 2023
,Forestry,Comission Ghana   ,Corneliadanso@Gmail.Com,Customer,,,,,,233302401210,WTM London 2023,Forestry Comission Ghana,,,,,,2.33302E+11,WTM London 2023
,Why,Not    ,Riyal@Whynotsl.Lk,Customer,,,,,,94760555205,WTM London 2022,Why Not,,,,,,94760555205,WTM London 2022
,Patelo,    ,Info@Patelotravels.Com,Customer,,,,,,8088317778,WTM London 2022,Patelo,,,,,,8088317778,WTM London 2022
,Urbanology,Systems    ,Urbanologysystems@Gmail.Com,Customer,,,,,,6463296727,WTM London 2022,Urbanology Systems,,,,,,6463296727,WTM London 2022
,Dreamcatcher,Travel    ,Dreamcatchertravel2@Yahoo.Com,Customer,,,,,,8452320602,WTM London 2022,Dreamcatcher Travel,,,,,,8452320602,WTM London 2022
,Blumar,    ,Brunoteixeira@Blumar.Com.Br,Customer,,,,,,552121429350,WTM London 2022,Blumar ,,,,,,5.52121E+11,WTM London 2022
,Verta,    ,Diana@Vertofx.Com,Customer,,,,,,447949150175,WTM London 2022,Verta,,,,,,4.47949E+11,WTM London 2022
,Javanah,    ,Ana@Javanahtravel.Com,Customer,,,,,,447403904507,WTM London 2022,Javanah,,,,,,4.47404E+11,WTM London 2022
,Trova,Trip    ,Ben@Novatrip.Com,Customer,,,,,,17274038005,WTM London 2022,Trova Trip,,,,,,17274038005,WTM London 2022
,Villas,And Apartments Abroad  ,Spencer.Jones@Vaanyc.Com,Customer,,,,,,2122136435,WTM London 2022,Villas And Apartments Abroad,,,,,,2122136435,WTM London 2022
,Jacob,Javits Convention Center  ,Dchanner@Javitscenter.Com,Customer,,,,,,2122162373,WTM London 2022,Jacob Javits Convention Center,,,,,,2122162373,WTM London 2022
,Ivy,League Magazine Network  ,Colleenfinnegan@Ivymags.Com,Customer,,,,,,9083911612,WTM London 2022,Ivy League Magazine Network,,,,,,9083911612,WTM London 2022
,Prime,Planit    ,Kwaku@Primeplanit.Com,Customer,,,,,,447904650527,WTM London 2022,Prime Planit,,,,,,4.47905E+11,WTM London 2022
,Mandala,World Travel   ,Amanda@Mandalaworldtravel.Com,Customer,,,,,,447730066900,WTM London 2022,Mandala World Travel,,,,,,4.4773E+11,WTM London 2022
,Betravel,    ,Eyad@Betravel.Jo,Customer,,,,,,962798608000,WTM London 2022,Betravel,,,,,,9.62799E+11,WTM London 2022
,Bornpark,Adventures    ,Shukuru@Bornparkadventures.Com,Customer,,,,,,255767343486,WTM London 2022,Bornpark Adventures,,,,,,2.55767E+11,WTM London 2022
,Smart,Wings    ,Kevin.Kulik@Smartwings.Com,Customer,,,,,,420724338257,WTM London 2022,Smart Wings,,,,,,4.20724E+11,WTM London 2022
,Air,Jara    ,Info@Airjara.Com,Customer,,,,,,2349072243955,WTM London 2022,Air Jara,,,,,,2.34907E+12,WTM London 2022
,African,Tourism Board   ,Cn@Africantourismboard.Africa,Customer,,,,,,270817913441,WTM London 2022,African Tourism Board,,,,,,2.70818E+11,WTM London 2022
,Magic,Travel    ,E.Magictravelbiz@Gmail.Com,Customer,,,,,,6313450208,WTM London 2022,Magic Travel,,,,,,6313450208,WTM London 2022
,Trip-Arc,    ,Nora.Demiri@Trip-Arc.Com,Customer,,,,,,16479438998,WTM London 2022,Trip-Arc,,,,,,16479438998,WTM London 2022
,Kensignton,Tours    ,Helen..Giontsis@Kensingtontours.Com,Customer,,,,,,4162943472,WTM London 2022,Kensignton Tours,,,,,,4162943472,WTM London 2022
,Top,Flight    ,S.Omar@Topflighttour.Com,Customer,,,,,,77059782515,WTM London 2022,Top Flight,,,,,,77059782515,WTM London 2022
,Personalised,Odysseys    ,Scolony@Gmail.Com,Customer,,,,,,2127658800,WTM London 2022,Personalised Odysseys,,,,,,2127658800,WTM London 2022
,Grand,Circle Corporation   ,Cmcann@Oattravel.Com,Customer,,,,,,441294822693,WTM London 2022,Grand Circle Corporation,,,,,,4.41295E+11,WTM London 2022
,Cultour,Travel    ,Cultour@Prmail.Net,Customer,,,,,,7874542025,WTM London 2022,Cultour Travel,,,,,,7874542025,WTM London 2022
,Ipc,Travel    ,Sherin.Koussa@Ipctravel.Com,Customer,,,,,,23280911911,WTM London 2022,Ipc Travel,,,,,,23280911911,WTM London 2022
,Fred,Olsen Cruise Lines  ,Karen.Dawney@Fredolsen.Co.Uk,Customer,,,,,,447909256843,WTM London 2022,Fred Olsen Cruise Lines,,,,,,4.47909E+11,WTM London 2022
,Worldstrides,    ,Pbriata@Worldstrides.Org,Customer,,,,,,16172106155,WTM London 2022,Worldstrides,,,,,,16172106155,WTM London 2022
,Alhind,Tours & Travel  ,Ajmal@Alhindonline.Com,Customer,,,,,,919311601888,WTM London 2022,Alhind Tours & Travel,,,,,,9.19312E+11,WTM London 2022
,Social,Life Chicago   ,Bolaji@Socialifechicago.Com,Customer,,,,,,8479713814,WTM London 2022,Social Life Chicago,,,,,,8479713814,WTM London 2022
,Intele,Travel    ,Etta1161@Gmail.Com,Customer,,,,,,19174476522,WTM London 2022,Intele Travel,,,,,,19174476522,WTM London 2022
,Brisk,Travel    ,Sales@Brisktravels.Com,Customer,,,,,,2347030737176,WTM London 2022,Brisk Travel,,,,,,2.34703E+12,WTM London 2022
,Olabaf,Travel    ,Olabaftravels@Gmail.Com,Customer,,,,,,8073773070,WTM London 2022,Olabaf Travel,,,,,,8073773070,WTM London 2022
,Cansaf,    ,Robin@Cansaf.Com,Customer,,,,,,263772274554,WTM London 2022,Cansaf,,,,,,2.63772E+11,WTM London 2022
,Aquamarine,Travels    ,Aquamarine.Travels@Gmail.Com,Customer,,,,,,353852021577,WTM London 2022,Aquamarine Travels,,,,,,3.53852E+11,WTM London 2022
,Aiport,Passes    ,Mohammed@Airportpasses.Com,Customer,,,,,,96551251217,WTM London 2022,Aiport Passes,,,,,,96551251217,WTM London 2022
,Neko,Ship Supply   ,Bwesdrop@Nekoship.Nl,Customer,,,,,,3162345558,CLIA Summit 2026,Neko Ship Supply,,,,,,3162345558,CLIA Summit 2026
,Antwerp-Bruges,Port Authority   ,Piet.Vandernkerhove@Portofantwerpbruges.Com,Customer,,,,,,3250543211,CLIA Summit 2026,Antwerp-Bruges Port Authority,,,,,,3250543211,CLIA Summit 2026
,Aida,Crusies    ,Benjamin.Mueller@Aida.De,Customer,,,,,,4915155191950,CLIA Summit 2026,Aida Crusies,,,,,,4.91516E+12,CLIA Summit 2026
,Fonasba,    ,Generalmanager@Fonasba.Com,Customer,,,,,,447847668579,CLIA Summit 2026,Fonasba,,,,,,4.47848E+11,CLIA Summit 2026
,Port,Of Helnski   ,Jukka.Haarni@Portofhelsinki.Fi,Customer,,,,,,35840635439,CLIA Summit 2026,Port Of Helnski,,,,,,35840635439,CLIA Summit 2026
,Ayan,    ,Fayan@Ayanconsulting.Com,Customer,,,,,,,CLIA Summit 2026,Ayan,,,,,,,CLIA Summit 2026
,Inchcape,Shipping Services   ,Sophie.Joycelyn@Iss-Shipping.Com,Customer,,,,,,442381542059,CLIA Summit 2026,Inchcape Shipping Services,,,,,,4.42382E+11,CLIA Summit 2026
,Evac,Group    ,Robin.Merus@Evac.Com,Customer,,,,,,35840583362,CLIA Summit 2026,Evac Group,,,,,,35840583362,CLIA Summit 2026
,Port,Of Oslo   ,Imm@Oslohavn.No,Customer,,,,,,4799740050,CLIA Summit 2026,Port Of Oslo,,,,,,4799740050,CLIA Summit 2026
,Agepor,    ,Antoniobelmar@Agepor.Pt,Customer,,,,,,351211946465,CLIA Summit 2026,Agepor,,,,,,3.51212E+11,CLIA Summit 2026
,Carnival,Martime    ,Marie.Blitza@Carnival-Maritime.Com,Customer,,,,,,49403023931473,CLIA Summit 2026,Carnival Martime,,,,,,4.9403E+13,CLIA Summit 2026
,Intercruises,    ,A.Antunes@Intercruises.Com,Customer,,,,,,3519101112982,CLIA Summit 2026,Intercruises,,,,,,3.5191E+12,CLIA Summit 2026
,Avionova,Tech    ,Noorhtamim@Avionova.Tech,Customer,,,,,,16147175048,CLIA Summit 2026,Avionova Tech,,,,,,16147175048,CLIA Summit 2026
,Disney,    ,Sam.Lindley@Disney.Com,Customer,,,,,,,CLIA Summit 2026,Disney,,,,,,,CLIA Summit 2026
,Tui,    ,Fiona.Noone@Tui.Co.Uk,Customer,,,,,,447976174959,CLIA Summit 2026,Tui,,,,,,4.47976E+11,CLIA Summit 2026
,Swift,Marine    ,K.Sommer@Swiftmarine.Global,Customer,,,,,,4530890311,CLIA Summit 2026,Swift Marine,,,,,,4530890311,CLIA Summit 2026
,Adelte,    ,Mwestphal@Adelte.Com,Customer,,,,,,3462039589,CLIA Summit 2026,Adelte,,,,,,3462039589,CLIA Summit 2026
,Clia,    ,Nwammenjensen@Cruising.Org,Customer,,,,,,32488151419,CLIA Summit 2026,Clia,,,,,,32488151419,CLIA Summit 2026
,India,Today    ,Aninda.Mondal@Indtoday.Com,Customer,,,,,,911204807100,ITB Berlin 2026,India Today,,,,,,9.11205E+11,ITB Berlin 2026
,Park,Plza Berlin   ,Ppblinfo@Parkplazagermany.Com,Customer,,,,,,493088777770,ITB Berlin 2026,Park Plza Berlin,,,,,,4.93089E+11,ITB Berlin 2026
,Goldman,Touristik    ,Info@Goldmann-Touristik.De,Customer,,,,,,4961892797,ITB Berlin 2026,Goldman Touristik,,,,,,4961892797,ITB Berlin 2026
,Tandila,Travel Gmb   ,Reinhard-Springer@Tandila-Travel.Com,Customer,,,,,,49173932112,ITB Berlin 2026,Tandila Travel Gmb,,,,,,49173932112,ITB Berlin 2026
,Aida,    ,Benjamin.Mueller@Aida.De,Customer,,,,,,491515591950,ITB Berlin 2026,Aida,,,,,,4.91516E+11,ITB Berlin 2026
,Euro,Tours    ,David.Lehner@Eurotours.At,Customer,,,,,,436646103558,ITB Berlin 2026,Euro Tours,,,,,,4.36646E+11,ITB Berlin 2026
,Meraki,Tours    , Gabriela@Merakitours.Cz,Customer,,,,,,,ITB Berlin 2026,Meraki Tours,,,,,,,ITB Berlin 2026
,Topview,Holiday Japan   ,Info@Chinatoptours.Com,Customer,,,,,,81352072668,ITB Berlin 2026,Topview Holiday Japan,,,,,,81352072668,ITB Berlin 2026
,Ghana,Embassy In Germany  ,Amanda.Kantanka@Mfa.Gov.Gh,Customer,,,,,,4917632723371,ITB Berlin 2026,Ghana Embassy In Germany,,,,,,4.91763E+12,ITB Berlin 2026
,Ghana,Embassy In Germany  ,Headcon@Ghanaemberlin.De,Customer,,,,,,493054714952,ITB Berlin 2026,Ghana Embassy In Germany,,,,,,4.93055E+11,ITB Berlin 2026
,Kritstens,Reiselounge    ,Info@Kirstens-Reislounge.De,Customer,,,,,,4915155529225,ITB Berlin 2026,Kritstens Reiselounge,,,,,,4.91516E+12,ITB Berlin 2026
,National,Tourist Board. Sierra Leone ,Ksaquee@Ntb.Gov.Sl,Customer,,,,,,23278649519,ITB Berlin 2026,National Tourist Board. Sierra Leone,,,,,,23278649519,ITB Berlin 2026
,Ministry,Of Tourism And Cultural Affairs,Annmariekamara@Mrc.Gov.Si,Customer,,,,,,23276642401,ITB Berlin 2026,Ministry Of Tourism And Cultural Affairs,,,,,,23276642401,ITB Berlin 2026
,Embassy,Of Ghana In Germany ,Kofiadzololo@Yahoo.Co.Uk,Customer,,,,,,493054714941,ITB Berlin 2026,Embassy Of Ghana In Germany,,,,,,4.93055E+11,ITB Berlin 2026
,Ipc,Travel    ,Reservations@Ipctravel.Com,Customer,,,,,,23280911911,ITB Berlin 2026,Ipc Travel,,,,,,23280911911,ITB Berlin 2026
,Hello,Sierra Leone   ,Info@Hellosierraleone.Com,Customer,,,,,,41765792609,ITB Berlin 2026,Hello Sierra Leone,,,,,,41765792609,ITB Berlin 2026
,Embassy,Of Ghana In Germany ,Berlin@Mfa.Gov.Gh,Customer,,,,,,4915203248783,ITB Berlin 2026,Embassy Of Ghana In Germany,,,,,,4.9152E+12,ITB Berlin 2026
